stockId,product,manager,asset,finance,investment,speculation,main,mainInvestment,mainSpeculation,total
1101.0,5,4,4,2,4,5,9,19,20,24
1102.0,6,6,6,3,9,6,15,30,27,36
1103.0,0,2,3,2,2,3,5,9,10,12
1104.0,7,5,6,6,10,5,15,34,29,39
1108.0,7,3,3,3,10,8,18,26,24,34
1109.0,8,5,7,9,10,8,18,39,37,47
1110.0,1,1,1,5,3,3,6,11,11,14
1201.0,2,3,3,3,2,10,12,13,21,23
1203.0,7,5,6,4,4,5,9,26,27,31
1210.0,4,6,5,7,8,10,18,30,32,40
1213.0,0,0,0,1,0,4,4,1,5,5
1215.0,6,9,7,2,9,8,17,33,32,41
1216.0,4,7,5,1,6,9,15,23,26,32
1217.0,3,1,1,2,3,8,11,10,15,18
1218.0,0,6,6,9,10,9,19,31,30,40
1219.0,2,3,3,3,5,10,15,16,21,26
1220.0,3,3,4,6,4,9,13,20,25,29
1225.0,2,5,5,3,3,9,12,18,24,27
1227.0,3,6,7,9,4,8,12,29,33,37
1229.0,7,5,8,7,5,2,7,32,29,34
1231.0,5,9,7,2,4,6,10,27,29,33
1232.0,4,10,10,4,6,8,14,34,36,42
1233.0,4,3,4,4,4,7,11,19,22,26
1234.0,5,4,4,5,7,7,14,25,25,32
1235.0,0,2,4,5,2,1,3,13,12,14
1236.0,1,1,1,4,3,8,11,10,15,18
1240.0,3,6,6,9,7,10,17,31,34,41
1256.0,8,8,9,9,7,6,13,41,40,47
1258.0,6,0,0,1,1,1,2,8,8,9
1259.0,1,5,5,2,9,10,19,22,23,32
1262.0,0,0,0,10,1,1,2,11,11,12
1264.0,9,9,10,9,7,6,13,44,43,50
1268.0,6,6,5,1,7,7,14,25,25,32
1301.0,0,5,6,4,2,5,7,17,20,22
1303.0,1,4,5,3,2,6,8,15,19,21
1304.0,3,2,2,3,4,10,14,14,20,24
1305.0,3,4,5,2,3,9,12,17,23,26
1307.0,6,3,3,3,8,8,16,23,23,31
1308.0,8,5,7,7,5,6,11,32,33,38
1309.0,0,4,3,7,0,10,10,14,24,24
1310.0,0,0,0,8,0,9,9,8,17,17
1312.0,0,4,6,1,0,8,8,11,19,19
1313.0,0,0,0,3,0,10,10,3,13,13
1314.0,0,1,2,2,0,7,7,5,12,12
1315.0,2,3,4,9,7,4,11,25,22,29
1316.0,0,0,0,8,0,3,3,8,11,11
1319.0,8,3,3,6,6,5,11,26,25,31
1321.0,0,1,1,1,2,6,8,5,9,11
1323.0,4,6,5,1,5,9,14,21,25,30
1324.0,3,1,1,9,4,7,11,18,21,25
1325.0,0,2,3,9,2,2,4,16,16,18
1326.0,0,3,4,4,1,8,9,12,19,20
1333.0,1,0,0,9,1,1,2,11,11,12
1336.0,5,4,4,4,7,9,16,24,26,33
1337.0,0,0,0,9,0,5,5,9,14,14
1338.0,1,3,4,5,0,10,10,13,23,23
1339.0,9,3,4,5,9,5,14,30,26,35
1340.0,0,0,0,8,0,4,4,8,12,12
1341.0,7,10,9,9,9,7,16,44,42,51
1342.0,10,10,10,4,8,4,12,42,38,46
1402.0,4,3,3,1,4,10,14,15,21,25
1409.0,1,4,3,4,4,10,14,16,22,26
1410.0,0,4,7,4,2,2,4,17,17,19
1413.0,0,0,0,1,0,10,10,1,11,11
1414.0,0,1,2,4,2,2,4,9,9,11
1416.0,0,0,0,3,6,2,8,9,5,11
1417.0,0,0,0,5,3,7,10,8,12,15
1418.0,0,0,0,5,3,1,4,8,6,9
1419.0,6,4,5,6,6,3,9,27,24,30
1423.0,0,1,2,6,4,1,5,13,10,14
1432.0,6,0,0,1,4,7,11,11,14,18
1434.0,1,3,6,3,3,7,10,16,20,23
1435.0,0,0,0,4,1,1,2,5,5,6
1436.0,6,6,3,2,2,3,5,19,20,22
1437.0,10,5,5,4,10,2,12,34,26,36
1438.0,6,0,0,1,0,2,2,7,9,9
1439.0,1,0,0,5,6,2,8,12,8,14
1440.0,0,1,1,2,0,8,8,4,12,12
1441.0,0,0,0,4,0,9,9,4,13,13
1442.0,10,2,2,4,7,5,12,25,23,30
1443.0,10,0,0,1,6,3,9,17,14,20
1444.0,0,0,0,5,0,8,8,5,13,13
1445.0,2,0,0,7,3,6,9,12,15,18
1446.0,0,0,0,1,0,2,2,1,3,3
1447.0,0,0,0,4,0,10,10,4,14,14
1449.0,0,0,0,1,4,10,14,5,11,15
1451.0,0,0,0,7,0,10,10,7,17,17
1452.0,0,3,7,9,2,6,8,21,25,27
1453.0,0,0,0,6,1,2,3,7,8,9
1454.0,1,1,1,8,2,7,9,13,18,20
1455.0,0,0,0,4,0,9,9,4,13,13
1456.0,10,1,1,2,6,9,15,20,23,29
1457.0,4,2,2,1,2,6,8,11,15,17
1459.0,0,0,0,4,4,4,8,8,8,12
1460.0,0,0,0,6,0,10,10,6,16,16
1463.0,0,2,4,7,5,2,7,18,15,20
1464.0,0,1,1,2,2,10,12,6,14,16
1465.0,0,0,0,7,6,5,11,13,12,18
1466.0,0,0,0,1,0,10,10,1,11,11
1467.0,0,0,0,2,0,10,10,2,12,12
1468.0,0,1,1,8,0,5,5,10,15,15
1470.0,4,3,6,9,4,5,9,26,27,31
1471.0,0,0,0,8,0,2,2,8,10,10
1472.0,4,0,0,7,5,7,12,16,18,23
1473.0,3,0,0,7,9,10,19,19,20,29
1474.0,0,2,3,3,0,10,10,8,18,18
1475.0,9,0,0,10,9,5,14,28,24,33
1476.0,9,10,10,10,4,3,7,43,42,46
1477.0,8,10,9,9,5,4,9,41,40,45
1503.0,5,5,5,7,5,6,11,27,28,33
1504.0,7,4,6,4,7,6,13,28,27,34
1506.0,4,0,0,8,3,3,6,15,15,18
1507.0,4,5,4,9,1,1,2,23,23,24
1512.0,0,0,0,1,0,8,8,1,9,9
1513.0,9,6,4,1,3,4,7,23,24,27
1514.0,5,7,6,5,3,5,8,26,28,31
1515.0,2,5,4,8,2,8,10,21,27,29
1516.0,2,4,7,10,5,9,14,28,32,37
1517.0,0,1,1,7,0,6,6,9,15,15
1519.0,9,6,4,5,2,2,4,26,26,28
1521.0,3,4,3,7,3,9,12,20,26,29
1522.0,5,3,2,1,9,10,19,20,21,30
1524.0,8,3,2,1,7,6,13,21,20,27
1525.0,3,5,6,7,8,4,12,29,25,33
1526.0,5,8,7,1,9,6,15,30,27,36
1527.0,7,7,7,10,9,6,15,40,37,46
1528.0,1,0,0,6,3,9,12,10,16,19
1529.0,7,3,4,2,3,2,5,19,18,21
1530.0,2,4,4,8,9,7,16,27,25,34
1531.0,0,0,0,7,2,6,8,9,13,15
1532.0,6,3,2,3,7,9,16,21,23,30
1533.0,0,2,2,1,0,7,7,5,12,12
1535.0,3,4,3,7,8,9,17,25,26,34
1536.0,5,4,3,1,4,5,9,17,18,22
1537.0,7,10,10,6,7,6,13,40,39,46
1538.0,0,0,0,6,0,2,2,6,8,8
1539.0,3,2,2,4,3,8,11,14,19,22
1540.0,8,1,1,9,7,4,11,26,23,30
1541.0,5,7,5,4,0,9,9,21,30,30
1558.0,4,6,6,5,4,9,13,25,30,34
1560.0,8,8,7,5,4,3,7,32,31,35
1565.0,7,9,9,7,8,5,13,40,37,45
1568.0,9,1,1,4,10,5,15,25,20,30
1569.0,0,2,2,7,0,9,9,11,20,20
1570.0,2,6,9,8,4,4,8,29,29,33
1580.0,9,9,9,8,9,6,15,44,41,50
1582.0,5,5,5,7,6,8,14,28,30,36
1583.0,6,4,4,5,9,7,16,28,26,35
1584.0,4,0,0,3,5,5,10,12,12,17
1586.0,0,2,2,1,0,8,8,5,13,13
1587.0,2,4,3,4,4,9,13,17,22,26
1589.0,2,0,0,1,0,9,9,3,12,12
1590.0,10,9,8,9,1,1,2,37,37,38
1591.0,0,5,5,8,0,1,1,18,19,19
1592.0,0,0,0,6,1,1,2,7,7,8
1593.0,6,9,9,4,5,6,11,33,34,39
1595.0,3,2,3,6,5,8,13,19,22,27
1597.0,7,7,7,2,4,2,6,27,25,29
1598.0,0,1,0,2,0,10,10,3,13,13
1599.0,0,6,7,5,4,8,12,22,26,30
1603.0,7,4,4,6,7,6,13,28,27,34
1604.0,5,6,6,4,8,8,16,29,29,37
1605.0,3,5,5,2,5,9,14,20,24,29
1608.0,4,1,2,6,8,7,15,21,20,28
1609.0,4,5,4,1,10,8,18,24,22,32
1611.0,3,2,3,8,3,3,6,19,19,22
1612.0,6,3,5,8,8,7,15,30,29,37
1614.0,4,4,5,6,4,6,10,23,25,29
1615.0,7,9,8,7,8,6,14,39,37,45
1616.0,5,0,0,7,8,10,18,20,22,30
1617.0,0,4,5,5,3,9,12,17,23,26
1618.0,5,2,3,10,7,7,14,27,27,34
1626.0,1,0,0,8,0,10,10,9,19,19
1701.0,2,5,4,4,6,9,15,21,24,30
1702.0,4,5,5,1,6,9,15,21,24,30
1707.0,9,8,9,9,8,5,13,43,40,48
1708.0,0,3,3,3,0,7,7,9,16,16
1709.0,3,4,4,5,6,8,14,22,24,30
1710.0,0,0,0,2,7,9,16,9,11,18
1711.0,1,3,3,5,2,7,9,14,19,21
1712.0,5,7,5,5,8,9,17,30,31,39
1713.0,0,3,5,7,6,1,7,21,16,22
1714.0,3,2,2,4,7,10,17,18,21,28
1717.0,3,6,5,1,5,9,14,20,24,29
1718.0,1,0,0,8,0,10,10,9,19,19
1720.0,9,7,7,7,9,6,15,39,36,45
1721.0,0,0,0,3,0,8,8,3,11,11
1722.0,9,4,4,1,8,3,11,26,21,29
1723.0,9,9,8,5,7,4,11,38,35,42
1724.0,4,2,2,8,1,1,2,17,17,18
1725.0,2,4,8,9,6,10,16,29,33,39
1726.0,6,6,7,9,8,7,15,36,35,43
1727.0,1,2,2,5,4,6,10,14,16,20
1730.0,7,9,9,9,8,7,15,42,41,49
1731.0,8,4,5,4,6,5,11,27,26,32
1732.0,0,2,3,7,0,5,5,12,17,17
1733.0,5,5,6,7,5,6,11,28,29,34
1734.0,5,0,0,2,6,6,12,13,13,19
1735.0,2,2,2,4,5,9,14,15,19,24
1736.0,0,3,2,2,4,10,14,11,17,21
1737.0,7,4,6,6,7,6,13,30,29,36
1742.0,4,0,0,8,0,3,3,12,15,15
1752.0,8,6,6,8,9,5,14,37,33,42
1760.0,5,4,4,6,0,3,3,19,22,22
1762.0,8,8,7,3,9,6,15,35,32,41
1773.0,9,10,9,2,6,4,10,36,34,40
1776.0,0,1,2,4,2,9,11,9,16,18
1777.0,10,8,8,8,8,4,12,42,38,46
1781.0,0,0,0,7,0,8,8,7,15,15
1783.0,10,5,6,10,6,2,8,37,33,39
1784.0,6,1,2,4,4,5,9,17,18,22
1785.0,4,7,5,2,6,8,14,24,26,32
1786.0,10,6,7,3,4,2,6,30,28,32
1787.0,6,7,6,3,1,1,2,23,23,24
1788.0,6,9,7,5,7,7,14,34,34,41
1789.0,4,2,4,7,2,2,4,19,19,21
1795.0,10,6,7,1,7,3,10,31,27,34
1796.0,9,0,0,5,6,4,10,20,18,24
1799.0,0,0,0,1,0,1,1,1,2,2
1802.0,0,0,0,6,0,8,8,6,14,14
1805.0,0,0,0,6,0,2,2,6,8,8
1806.0,4,0,0,7,0,7,7,11,18,18
1808.0,10,6,3,4,10,7,17,33,30,40
1809.0,0,0,0,6,0,8,8,6,14,14
1810.0,0,1,1,6,0,8,8,8,16,16
1813.0,0,0,0,9,0,4,4,9,13,13
1815.0,0,0,0,1,0,5,5,1,6,6
1817.0,6,8,8,5,9,8,17,36,35,44
1902.0,2,3,4,4,1,1,2,14,14,15
1903.0,0,0,0,2,2,1,3,4,3,5
1904.0,3,6,4,1,3,9,12,17,23,26
1905.0,0,0,0,6,0,8,8,6,14,14
1906.0,0,2,5,7,2,9,11,16,23,25
1907.0,0,3,3,3,3,10,13,12,19,22
1909.0,0,1,1,1,0,10,10,3,13,13
2002.0,1,1,1,2,0,8,8,5,13,13
2006.0,6,5,4,8,9,9,18,32,32,41
2007.0,0,0,0,1,0,8,8,1,9,9
2008.0,4,0,0,1,10,4,14,15,9,19
2009.0,0,1,1,8,2,3,5,12,13,15
2010.0,3,2,3,6,8,10,18,22,24,32
2012.0,4,5,4,1,4,9,13,18,23,27
2013.0,2,3,2,6,5,10,15,18,23,28
2014.0,0,0,0,3,0,9,9,3,12,12
2015.0,5,8,8,9,8,8,16,38,38,46
2017.0,0,0,0,3,0,5,5,3,8,8
2020.0,5,7,6,4,10,8,18,32,30,40
2022.0,2,0,0,8,0,10,10,10,20,20
2023.0,2,0,0,1,0,10,10,3,13,13
2024.0,0,1,1,3,0,5,5,5,10,10
2025.0,0,0,0,10,10,4,14,20,14,24
2027.0,6,3,3,2,8,9,17,22,23,31
2028.0,3,8,6,3,6,9,15,26,29,35
2029.0,4,1,2,10,7,9,16,24,26,33
2030.0,2,4,3,1,3,10,13,13,20,23
2031.0,4,3,3,3,9,8,17,22,21,30
2032.0,0,1,2,6,0,9,9,9,18,18
2033.0,0,0,0,9,0,5,5,9,14,14
2034.0,3,5,5,4,0,9,9,17,26,26
2035.0,0,0,0,1,0,8,8,1,9,9
2038.0,1,0,0,4,3,10,13,8,15,18
2049.0,7,6,5,4,4,4,8,26,26,30
2059.0,10,9,10,5,1,1,2,35,35,36
2061.0,0,0,0,8,0,9,9,8,17,17
2062.0,3,2,1,3,6,10,16,15,19,25
2063.0,9,10,8,6,10,6,16,43,39,49
2064.0,0,0,0,8,0,9,9,8,17,17
2065.0,7,8,8,5,10,7,17,38,35,45
2066.0,7,8,6,2,10,7,17,33,30,40
2067.0,0,0,0,1,0,10,10,1,11,11
2069.0,0,0,0,5,0,10,10,5,15,15
2070.0,6,0,0,5,6,6,12,17,17,23
2073.0,2,1,1,2,1,1,2,7,7,8
2101.0,3,0,0,1,0,3,3,4,7,7
2102.0,0,0,0,1,0,1,1,1,2,2
2103.0,2,3,3,4,3,10,13,15,22,25
2104.0,0,2,2,4,0,8,8,8,16,16
2105.0,6,4,3,2,5,7,12,20,22,27
2106.0,2,2,2,1,0,9,9,7,16,16
2107.0,8,4,7,9,9,2,11,37,30,39
2108.0,6,9,10,8,5,6,11,38,39,44
2109.0,5,1,2,7,9,9,18,24,24,33
2114.0,10,9,10,5,7,2,9,41,36,43
2115.0,4,7,7,4,8,8,16,30,30,38
2201.0,7,0,0,6,2,9,11,15,22,24
2204.0,4,0,0,9,3,6,9,16,19,22
2206.0,6,7,5,2,10,9,19,30,29,39
2207.0,1,7,4,6,3,7,10,21,25,28
2208.0,0,0,0,1,0,9,9,1,10,10
2211.0,10,6,10,5,9,3,12,40,34,43
2221.0,6,7,7,5,9,8,17,34,33,42
2227.0,1,9,9,6,3,6,9,28,31,34
2228.0,7,5,6,5,8,7,15,31,30,38
2230.0,8,0,0,3,2,2,4,13,13,15
2231.0,8,7,7,2,4,3,7,28,27,31
2233.0,8,8,8,5,8,5,13,37,34,42
2235.0,7,4,5,6,4,4,8,26,26,30
2236.0,4,3,4,3,4,6,10,18,20,24
2239.0,2,2,2,3,4,10,14,13,19,23
2241.0,0,0,0,1,0,3,3,1,4,4
2243.0,0,0,0,5,0,9,9,5,14,14
2247.0,3,7,8,4,9,10,19,31,32,41
2250.0,3,5,4,4,5,9,14,21,25,30
2254.0,0,1,1,1,1,1,2,4,4,5
2301.0,6,8,7,8,7,6,13,36,35,42
2302.0,6,2,2,8,4,3,7,22,21,25
2303.0,10,4,5,3,10,4,14,32,26,36
2305.0,0,0,0,4,0,2,2,4,6,6
2308.0,6,9,8,3,5,6,11,31,32,37
2312.0,2,1,1,3,4,10,14,11,17,21
2313.0,4,9,7,3,7,7,14,30,30,37
2314.0,0,0,0,4,0,5,5,4,9,9
2316.0,0,4,4,3,3,6,9,14,17,20
2317.0,2,6,5,5,10,10,20,28,28,38
2321.0,0,0,0,1,0,10,10,1,11,11
2323.0,0,0,0,6,9,7,16,15,13,22
2324.0,1,5,3,7,5,10,15,21,26,31
2327.0,9,10,9,3,9,5,14,40,36,45
2328.0,4,5,7,9,9,9,18,34,34,43
2329.0,6,1,1,4,5,5,10,17,17,22
2330.0,10,10,10,3,7,2,9,40,35,42
2331.0,2,1,1,8,5,9,14,17,21,26
2332.0,2,0,0,6,9,9,18,17,17,26
2337.0,0,9,8,2,0,6,6,19,25,25
2338.0,6,5,6,1,6,5,11,24,23,29
2340.0,2,5,7,5,2,3,5,21,22,24
2342.0,0,0,0,4,0,4,4,4,8,8
2344.0,0,2,2,2,0,7,7,6,13,13
2345.0,7,10,10,7,4,3,7,38,37,41
2347.0,2,8,6,5,8,10,18,29,31,39
2348.0,10,10,7,1,10,7,17,38,35,45
2349.0,0,0,0,2,0,9,9,2,11,11
2351.0,6,6,5,3,5,6,11,25,26,31
2352.0,2,6,4,3,4,10,14,19,25,29
2353.0,1,4,3,5,3,10,13,16,23,26
2354.0,2,3,8,9,7,8,15,29,30,37
2355.0,3,1,2,7,5,8,13,18,21,26
2356.0,1,7,4,7,3,10,13,22,29,32
2357.0,2,3,3,7,3,9,12,18,24,27
2358.0,0,1,1,1,0,8,8,3,11,11
2359.0,2,3,5,9,9,6,15,28,25,34
2360.0,10,9,8,6,6,3,9,39,36,42
2362.0,5,2,2,1,5,8,13,15,18,23
2363.0,0,0,0,10,3,1,4,13,11,14
2364.0,4,0,0,9,4,4,8,17,17,21
2365.0,2,2,3,6,2,2,4,15,15,17
2367.0,0,0,0,2,0,9,9,2,11,11
2368.0,8,6,4,5,3,3,6,26,26,29
2369.0,0,0,0,5,0,6,6,5,11,11
2371.0,3,0,0,2,3,5,8,8,10,13
2373.0,5,9,8,2,8,7,15,32,31,39
2374.0,1,0,0,9,3,7,10,13,17,20
2375.0,3,4,6,8,6,7,13,27,28,34
2376.0,3,7,8,5,3,7,10,26,30,33
2377.0,4,10,8,9,6,9,15,37,40,46
2379.0,5,10,10,7,5,5,10,37,37,42
2380.0,0,0,0,5,0,9,9,5,14,14
2382.0,3,8,4,9,5,9,14,29,33,38
2383.0,9,10,9,6,4,3,7,38,37,41
2385.0,6,10,7,9,7,8,15,39,40,47
2387.0,5,3,3,7,10,10,20,28,28,38
2388.0,0,1,1,5,1,2,3,8,9,10
2390.0,0,0,0,10,0,3,3,10,13,13
2392.0,2,3,2,2,7,10,17,16,19,26
2393.0,6,4,4,8,7,8,15,29,30,37
2395.0,9,10,10,6,4,3,7,39,38,42
2397.0,3,6,6,4,7,10,17,26,29,36
2399.0,0,0,0,9,0,6,6,9,15,15
2401.0,0,0,0,5,0,4,4,5,9,9
2402.0,4,3,4,8,5,8,13,24,27,32
2404.0,6,10,10,9,10,9,19,45,44,54
2405.0,0,0,0,7,0,4,4,7,11,11
2406.0,0,0,0,3,0,7,7,3,10,10
2408.0,0,4,6,8,0,2,2,18,20,20
2409.0,0,0,0,1,0,10,10,1,11,11
2412.0,9,6,7,4,5,3,8,31,29,34
2413.0,2,0,0,4,8,9,17,14,15,23
2414.0,2,7,5,8,8,10,18,30,32,40
2415.0,2,1,0,6,0,8,8,9,17,17
2417.0,0,0,0,8,0,6,6,8,14,14
2419.0,2,3,3,7,3,8,11,18,23,26
2420.0,10,9,8,3,9,4,13,39,34,43
2421.0,7,9,7,6,5,4,9,34,33,38
2423.0,8,7,8,7,8,6,14,38,36,44
2424.0,0,0,0,2,0,1,1,2,3,3
2425.0,3,5,6,9,5,10,15,28,33,38
2426.0,0,0,0,5,0,5,5,5,10,10
2427.0,4,4,4,3,5,8,13,20,23,28
2428.0,9,9,10,3,7,4,11,38,35,42
2429.0,0,0,0,2,0,5,5,2,7,7
2430.0,2,4,3,1,9,10,19,19,20,29
2431.0,0,0,0,9,0,5,5,9,14,14
2432.0,3,1,1,9,1,1,2,15,15,16
2433.0,8,8,9,3,8,5,13,36,33,41
2434.0,0,0,0,4,0,1,1,4,5,5
2436.0,0,4,8,2,3,3,6,17,17,20
2438.0,0,0,0,9,0,2,2,9,11,11
2439.0,2,7,6,5,6,10,16,26,30,36
2440.0,0,0,0,7,0,10,10,7,17,17
2441.0,8,8,9,9,7,5,12,41,39,46
2442.0,5,3,2,8,5,4,9,23,22,27
2443.0,0,0,0,9,10,1,11,19,10,20
2444.0,0,0,0,1,4,9,13,5,10,14
2448.0,0,0,0,5,1,1,2,6,6,7
2449.0,9,8,7,1,7,4,11,32,29,36
2450.0,1,6,6,7,9,10,19,29,30,39
2451.0,8,6,9,9,6,4,10,38,36,42
2453.0,3,5,4,8,6,9,15,26,29,35
2454.0,8,6,10,7,6,4,10,37,35,41
2455.0,8,9,9,4,2,2,4,32,32,34
2456.0,7,4,6,5,1,1,2,23,23,24
2457.0,3,0,0,4,2,6,8,9,13,15
2458.0,9,10,10,5,4,3,7,38,37,41
2459.0,6,7,8,6,9,9,18,36,36,45
2460.0,0,0,0,4,0,6,6,4,10,10
2461.0,1,2,2,5,6,9,15,16,19,25
2462.0,4,4,4,4,9,7,16,25,23,32
2464.0,1,8,6,6,2,9,11,23,30,32
2465.0,0,0,0,7,0,6,6,7,13,13
2466.0,0,1,1,1,0,2,2,3,5,5
2467.0,6,9,8,3,4,3,7,30,29,33
2468.0,3,3,4,10,5,9,14,25,29,34
2471.0,5,7,10,6,8,4,12,36,32,40
2472.0,8,7,6,9,9,8,17,39,38,47
2474.0,6,5,9,8,9,2,11,37,30,39
2476.0,7,5,7,6,6,5,11,31,30,36
2477.0,0,2,3,3,0,7,7,8,15,15
2478.0,6,7,7,7,7,7,14,34,34,41
2480.0,7,9,9,9,7,6,13,41,40,47
2481.0,5,6,5,3,4,6,10,23,25,29
2482.0,9,0,0,8,10,6,16,27,23,33
2483.0,0,3,4,4,3,7,10,14,18,21
2484.0,7,5,6,5,8,5,13,31,28,36
2485.0,0,0,0,9,2,8,10,11,17,19
2486.0,2,0,0,3,2,5,7,7,10,12
2488.0,8,7,9,6,10,7,17,40,37,47
2489.0,0,0,0,8,0,10,10,8,18,18
2491.0,0,0,0,8,3,2,5,11,10,13
2492.0,3,7,7,4,4,6,10,25,27,31
2493.0,10,8,9,8,8,4,12,43,39,47
2495.0,8,2,5,9,7,3,10,31,27,34
2496.0,8,6,8,7,9,7,16,38,36,45
2497.0,4,0,0,3,5,6,11,12,13,18
2498.0,0,0,0,3,0,2,2,3,5,5
2499.0,2,0,0,2,1,1,2,5,5,6
2501.0,7,4,3,1,9,7,16,24,22,31
2504.0,9,4,5,4,10,6,16,32,28,38
2505.0,0,1,1,10,2,2,4,14,14,16
2506.0,7,0,0,6,0,4,4,13,17,17
2509.0,0,0,0,4,0,1,1,4,5,5
2511.0,4,3,3,2,6,6,12,18,18,24
2514.0,3,2,2,4,9,10,19,20,21,30
2515.0,3,2,2,3,4,8,12,14,18,22
2516.0,2,0,0,9,0,10,10,11,21,21
2520.0,9,7,4,5,10,8,18,35,33,43
2524.0,10,5,4,2,8,3,11,29,24,32
2527.0,8,4,4,5,8,4,12,29,25,33
2528.0,9,0,0,3,3,2,5,15,14,17
2530.0,0,0,0,6,2,1,3,8,7,9
2534.0,10,5,3,5,10,3,13,33,26,36
2535.0,5,7,5,3,10,9,19,30,29,39
2536.0,8,0,0,5,0,4,4,13,17,17
2537.0,5,0,0,4,0,2,2,9,11,11
2538.0,1,0,0,10,8,1,9,19,12,20
2539.0,10,7,4,5,3,2,5,29,28,31
2540.0,10,5,3,6,4,3,7,28,27,31
2542.0,10,6,3,5,8,6,14,32,30,38
2543.0,4,1,1,7,6,10,16,19,23,29
2545.0,7,3,2,2,2,4,6,16,18,20
2546.0,5,9,7,9,10,10,20,40,40,50
2547.0,8,1,1,1,0,8,8,11,19,19
2548.0,10,7,5,6,9,6,15,37,34,43
2596.0,4,2,2,10,2,4,6,20,22,24
2597.0,6,9,8,2,9,8,17,34,33,42
2601.0,2,0,0,1,0,8,8,3,11,11
2603.0,8,2,2,2,10,8,18,24,22,32
2605.0,6,1,1,6,5,4,9,19,18,23
2606.0,8,4,4,1,7,4,11,24,21,28
2607.0,8,3,4,3,9,5,14,27,23,32
2608.0,7,8,6,1,10,7,17,32,29,39
2609.0,1,0,0,3,10,8,18,14,12,22
2610.0,4,1,1,1,6,9,15,13,16,22
2611.0,0,0,0,4,10,3,13,14,7,17
2612.0,5,3,3,1,7,5,12,19,17,24
2613.0,5,1,1,1,3,8,11,11,16,19
2614.0,0,0,0,1,0,8,8,1,9,9
2615.0,0,6,5,2,0,7,7,13,20,20
2616.0,1,4,5,3,4,10,14,17,23,27
2617.0,10,5,5,2,10,4,14,32,26,36
2618.0,8,1,1,1,10,9,19,21,20,30
2630.0,1,1,1,6,2,7,9,11,16,18
2633.0,10,5,9,1,5,4,9,30,29,34
2634.0,5,4,3,4,6,8,14,22,24,30
2636.0,4,8,8,8,10,9,19,38,37,47
2637.0,8,5,3,1,9,5,14,26,22,31
2640.0,9,9,9,3,7,5,12,37,35,42
2641.0,10,4,3,2,10,3,13,29,22,32
2642.0,2,5,6,2,4,9,13,19,24,28
2643.0,5,9,9,5,9,10,19,37,38,47
2645.0,7,1,1,2,1,5,6,12,16,17
2701.0,10,2,4,5,5,1,6,26,22,27
2702.0,4,0,0,1,10,5,15,15,10,20
2704.0,0,1,1,4,10,2,12,16,8,18
2705.0,0,0,0,1,0,7,7,1,8,8
2706.0,10,2,3,4,4,1,5,23,20,24
2707.0,10,10,9,1,6,3,9,36,33,39
2712.0,7,0,0,4,3,2,5,14,13,16
2718.0,10,0,0,7,10,5,15,27,22,32
2719.0,0,0,0,5,0,3,3,5,8,8
2722.0,8,2,3,6,3,2,5,22,21,24
2723.0,4,5,5,3,6,9,15,23,26,32
2724.0,0,0,0,1,0,1,1,1,2,2
2726.0,0,0,0,1,0,9,9,1,10,10
2727.0,5,2,2,2,8,8,16,19,19,27
2729.0,7,6,5,2,6,7,13,26,27,33
2731.0,3,0,0,5,5,10,15,13,18,23
2732.0,6,6,7,3,7,7,14,29,29,36
2734.0,2,0,0,3,2,9,11,7,14,16
2736.0,0,0,0,1,2,4,6,3,5,7
2739.0,7,0,0,1,7,8,15,15,16,23
2740.0,0,0,0,6,1,1,2,7,7,8
2743.0,5,0,0,9,7,9,16,21,23,30
2745.0,3,0,0,9,8,10,18,20,22,30
2748.0,7,5,3,2,4,3,7,21,20,24
2752.0,8,10,10,3,7,5,12,38,36,43
2753.0,6,10,9,3,7,7,14,35,35,42
2754.0,5,2,2,1,6,8,14,16,18,24
2755.0,5,9,9,3,4,7,11,30,33,37
2756.0,9,10,10,4,7,4,11,40,37,44
2801.0,1,4,1,10,8,3,11,24,19,27
2809.0,1,5,2,10,10,3,13,28,21,31
2812.0,1,6,1,10,9,3,12,27,21,30
2816.0,1,5,3,10,9,9,18,28,28,37
2820.0,1,4,1,10,7,2,9,23,18,25
2823.0,1,7,1,10,1,1,2,20,20,21
2832.0,1,5,4,10,10,7,17,30,27,37
2834.0,1,4,1,10,10,4,14,26,20,30
2836.0,1,4,1,10,7,3,10,23,19,26
2838.0,1,4,1,10,10,4,14,26,20,30
2841.0,0,0,0,2,1,1,2,3,3,4
2845.0,1,5,1,10,10,3,13,27,20,30
2849.0,1,5,1,10,2,3,5,19,20,22
2850.0,1,8,6,10,10,8,18,35,33,43
2851.0,1,6,5,10,10,9,19,32,31,41
2852.0,1,4,3,10,10,9,19,28,27,37
2855.0,10,4,4,10,10,4,14,38,32,42
2867.0,1,0,0,10,0,10,10,11,21,21
2880.0,1,6,1,10,8,3,11,26,21,29
2881.0,1,6,1,10,3,3,6,21,21,24
2882.0,1,5,1,10,4,5,9,21,22,26
2883.0,1,3,1,10,8,3,11,23,18,26
2884.0,1,7,1,10,6,2,8,25,21,27
2885.0,1,6,2,10,9,4,13,28,23,32
2886.0,1,6,1,10,7,2,9,25,20,27
2887.0,1,6,1,10,10,4,14,28,22,32
2888.0,1,3,1,10,0,3,3,15,18,18
2889.0,1,4,2,10,5,2,7,22,19,24
2890.0,1,6,1,10,9,3,12,27,21,30
2891.0,1,7,1,10,8,3,11,27,22,30
2892.0,1,6,1,10,8,2,10,26,20,28
2897.0,1,2,1,10,10,4,14,24,18,28
2901.0,9,2,3,6,2,1,3,22,21,23
2903.0,8,3,2,1,9,9,18,23,23,32
2904.0,8,7,6,2,7,4,11,30,27,34
2905.0,1,0,0,1,0,10,10,2,12,12
2906.0,4,1,2,3,3,10,13,13,20,23
2908.0,1,3,2,1,3,10,13,10,17,20
2910.0,10,3,3,1,5,2,7,22,19,24
2911.0,0,0,0,3,0,10,10,3,13,13
2912.0,3,10,6,1,5,9,14,25,29,34
2913.0,0,0,0,1,0,1,1,1,2,2
2915.0,2,8,8,4,10,1,11,32,23,33
2916.0,7,6,7,8,9,7,16,37,35,44
2923.0,10,0,0,1,1,3,4,12,14,15
2924.0,0,0,0,9,0,1,1,9,10,10
2926.0,0,0,0,1,0,10,10,1,11,11
2928.0,2,0,0,1,1,1,2,4,4,5
2929.0,0,0,0,6,0,10,10,6,16,16
2936.0,4,1,1,4,1,1,2,11,11,12
2937.0,2,8,6,9,10,10,20,35,35,45
2939.0,0,0,0,8,0,4,4,8,12,12
2945.0,1,3,2,2,4,10,14,12,18,22
2947.0,3,5,3,1,3,9,12,15,21,24
3002.0,0,0,0,3,2,5,7,5,8,10
3003.0,9,7,9,5,7,5,12,37,35,42
3004.0,6,0,0,2,7,6,13,15,14,21
3005.0,7,8,8,5,8,6,14,36,34,42
3006.0,0,5,6,7,0,5,5,18,23,23
3008.0,10,9,10,10,1,1,2,40,40,41
3010.0,3,7,5,4,10,10,20,29,29,39
3011.0,0,0,0,7,0,4,4,7,11,11
3013.0,2,2,2,3,3,7,10,12,16,19
3014.0,10,9,10,8,7,3,10,44,40,47
3015.0,3,2,3,8,8,9,17,24,25,33
3016.0,3,1,2,4,2,3,5,12,13,15
3017.0,7,7,4,4,3,4,7,25,26,29
3018.0,0,0,0,2,0,8,8,2,10,10
3019.0,4,4,7,9,4,8,12,28,32,36
3021.0,4,7,6,8,8,10,18,33,35,43
3022.0,8,7,8,6,10,6,16,39,35,45
3023.0,6,10,8,7,7,6,13,38,37,44
3024.0,5,2,3,7,3,4,7,20,21,24
3025.0,9,4,5,6,4,3,7,28,27,31
3026.0,5,7,8,5,8,8,16,33,33,41
3027.0,1,2,2,7,3,5,8,15,17,20
3028.0,2,6,3,9,9,10,19,29,30,39
3029.0,4,9,8,10,7,9,16,38,40,47
3030.0,10,10,10,8,8,3,11,46,41,49
3031.0,4,4,7,8,6,4,10,29,27,33
3032.0,6,6,5,10,8,8,16,35,35,43
3033.0,2,6,3,6,8,10,18,25,27,35
3034.0,10,10,10,4,8,4,12,42,38,46
3035.0,8,5,8,8,3,2,5,32,31,34
3036.0,1,7,4,8,3,10,13,23,30,33
3037.0,6,5,4,1,7,5,12,23,21,28
3038.0,6,8,8,4,9,8,17,35,34,43
3040.0,10,5,10,7,4,2,6,36,34,38
3041.0,0,0,0,10,0,4,4,10,14,14
3042.0,8,7,7,4,7,4,11,33,30,37
3043.0,5,0,0,9,7,8,15,21,22,29
3044.0,6,9,8,7,7,6,13,37,36,43
3045.0,6,9,9,1,4,6,10,29,31,35
3046.0,3,0,0,8,6,9,15,17,20,26
3047.0,0,1,0,2,2,9,11,5,12,14
3048.0,1,7,3,8,2,10,12,21,29,31
3049.0,0,2,3,2,0,2,2,7,9,9
3050.0,7,3,4,1,6,5,11,21,20,26
3051.0,3,0,0,1,2,4,6,6,8,10
3052.0,5,3,2,6,9,9,18,25,25,34
3054.0,0,0,0,10,0,1,1,10,11,11
3055.0,0,0,0,6,4,2,6,10,8,12
3056.0,10,5,4,5,10,2,12,34,26,36
3057.0,0,0,0,6,0,6,6,6,12,12
3058.0,0,0,0,3,2,9,11,5,12,14
3059.0,3,2,3,5,5,8,13,18,21,26
3060.0,0,0,0,6,0,8,8,6,14,14
3062.0,0,0,0,6,0,6,6,6,12,12
3064.0,0,0,0,8,0,3,3,8,11,11
3066.0,0,2,2,6,5,2,7,15,12,17
3067.0,8,0,0,5,4,3,7,17,16,20
3071.0,3,8,8,6,5,7,12,30,32,37
3073.0,0,0,0,1,2,1,3,3,2,4
3078.0,9,8,9,7,9,6,15,42,39,48
3081.0,0,5,7,6,0,2,2,18,20,20
3083.0,0,0,0,10,0,2,2,10,12,12
3085.0,0,0,0,8,0,3,3,8,11,11
3086.0,6,0,0,10,2,1,3,18,17,19
3088.0,8,9,8,3,10,7,17,38,35,45
3089.0,10,0,0,4,1,1,2,15,15,16
3090.0,5,9,8,9,7,8,15,38,39,46
3092.0,0,1,1,2,0,6,6,4,10,10
3093.0,9,7,9,9,9,5,14,43,39,48
3094.0,5,3,8,6,3,2,5,25,24,27
3095.0,0,0,0,1,0,10,10,1,11,11
3105.0,0,7,7,2,0,3,3,16,19,19
3114.0,3,7,7,9,7,9,16,33,35,42
3115.0,0,0,0,10,0,1,1,10,11,11
3118.0,6,7,8,9,8,7,15,38,37,45
3122.0,0,0,0,10,0,3,3,10,13,13
3128.0,4,3,3,2,5,7,12,17,19,24
3130.0,10,10,10,9,7,4,11,46,43,50
3131.0,9,8,9,4,4,2,6,34,32,36
3138.0,7,10,9,2,6,3,9,34,31,37
3141.0,6,5,7,9,2,3,5,29,30,32
3144.0,5,7,5,3,1,1,2,21,21,22
3147.0,5,10,7,10,8,9,17,40,41,49
3149.0,0,0,0,2,0,5,5,2,7,7
3152.0,9,9,9,8,2,2,4,37,37,39
3162.0,0,0,0,3,2,6,8,5,9,11
3163.0,5,6,7,9,8,4,12,35,31,39
3164.0,1,3,5,8,3,2,5,20,19,22
3167.0,0,7,6,2,0,3,3,15,18,18
3169.0,10,9,10,10,4,2,6,43,41,45
3171.0,6,8,6,9,10,8,18,39,37,47
3176.0,0,0,0,6,0,3,3,6,9,9
3178.0,9,6,5,2,6,4,10,28,26,32
3188.0,8,3,2,3,5,6,11,21,22,27
3189.0,1,0,0,1,3,6,9,5,8,11
3191.0,0,0,0,1,1,1,2,2,2,3
3202.0,0,0,0,6,0,10,10,6,16,16
3205.0,0,0,0,9,0,4,4,9,13,13
3206.0,6,9,7,7,10,9,19,39,38,48
3207.0,6,0,0,5,4,3,7,15,14,18
3209.0,2,7,4,8,9,10,19,30,31,40
3211.0,3,7,6,3,7,9,16,26,28,35
3213.0,8,9,9,6,9,6,15,41,38,47
3217.0,10,10,10,9,5,3,8,44,42,47
3218.0,10,9,9,4,5,2,7,37,34,39
3219.0,2,0,0,5,3,5,8,10,12,15
3221.0,1,0,0,7,0,8,8,8,16,16
3224.0,0,0,0,8,0,6,6,8,14,14
3226.0,9,10,9,10,7,6,13,45,44,51
3227.0,5,7,10,7,3,3,6,32,32,35
3228.0,0,0,0,10,0,1,1,10,11,11
3229.0,0,0,0,8,0,8,8,8,16,16
3230.0,0,0,0,2,0,8,8,2,10,10
3231.0,2,6,3,6,4,10,14,21,27,31
3232.0,2,2,3,5,3,9,12,15,21,24
3234.0,0,0,0,3,0,2,2,3,5,5
3236.0,2,5,4,2,6,8,14,19,21,27
3252.0,6,0,0,1,0,6,6,7,13,13
3257.0,10,5,9,9,4,2,6,37,35,39
3259.0,0,0,0,9,0,2,2,9,11,11
3260.0,2,3,3,2,4,9,13,14,19,23
3264.0,10,8,8,1,9,5,14,36,32,41
3265.0,9,5,8,6,6,3,9,34,31,37
3266.0,9,2,2,8,8,7,15,29,28,36
3268.0,0,0,0,2,0,8,8,2,10,10
3272.0,0,2,1,4,0,9,9,7,16,16
3276.0,0,0,0,7,4,8,12,11,15,19
3284.0,6,0,0,2,4,5,9,12,13,17
3285.0,3,0,0,8,3,7,10,14,18,21
3287.0,2,2,3,9,2,4,6,18,20,22
3288.0,3,0,0,3,1,3,4,7,9,10
3289.0,6,3,3,2,6,5,11,20,19,25
3290.0,6,2,2,4,7,7,14,21,21,28
3293.0,10,10,10,9,6,2,8,45,41,47
3294.0,0,0,0,4,0,8,8,4,12,12
3296.0,0,0,0,5,0,7,7,5,12,12
3297.0,0,0,0,10,0,3,3,10,13,13
3303.0,5,6,6,4,7,8,15,28,29,36
3305.0,5,3,3,7,3,7,10,21,25,28
3306.0,1,2,4,10,3,5,8,20,22,25
3308.0,9,0,0,5,10,3,13,24,17,27
3310.0,6,3,2,4,4,4,8,19,19,23
3311.0,3,0,0,9,5,7,12,17,19,24
3312.0,2,7,5,8,10,10,20,32,32,42
3313.0,0,0,0,10,0,1,1,10,11,11
3317.0,6,7,7,10,7,7,14,37,37,44
3321.0,0,0,0,4,0,9,9,4,13,13
3322.0,2,0,0,6,5,9,14,13,17,22
3323.0,0,5,3,5,0,10,10,13,23,23
3324.0,6,10,8,9,4,4,8,37,37,41
3325.0,0,0,0,4,0,6,6,4,10,10
3332.0,7,6,9,7,9,7,16,38,36,45
3338.0,4,8,6,7,5,7,12,30,32,37
3339.0,0,0,0,10,2,5,7,12,15,17
3346.0,3,0,0,5,7,10,17,15,18,25
3349.0,0,0,0,3,0,5,5,3,8,8
3354.0,0,0,0,7,0,1,1,7,8,8
3356.0,6,3,5,7,8,4,12,29,25,33
3357.0,7,8,8,3,7,5,12,33,31,38
3360.0,0,3,2,7,0,10,10,12,22,22
3362.0,6,0,0,3,2,2,4,11,11,13
3363.0,0,3,5,7,2,2,4,17,17,19
3372.0,0,0,0,8,0,4,4,8,12,12
3373.0,0,2,3,10,0,4,4,15,19,19
3374.0,10,9,8,6,5,2,7,38,35,40
3376.0,5,6,8,8,3,4,7,30,31,34
3379.0,0,0,0,10,0,8,8,10,18,18
3380.0,2,2,3,7,4,9,13,18,23,27
3383.0,0,0,0,1,1,1,2,2,2,3
3388.0,3,7,8,4,5,9,14,27,31,36
3390.0,1,0,0,9,3,5,8,13,15,18
3402.0,6,9,7,8,8,7,15,38,37,45
3406.0,8,9,7,2,8,5,13,34,31,39
3413.0,8,10,10,4,10,7,17,42,39,49
3416.0,9,8,9,10,6,3,9,42,39,45
3419.0,0,0,0,4,0,7,7,4,11,11
3426.0,6,6,9,4,7,6,13,32,31,38
3430.0,7,9,9,5,10,7,17,40,37,47
3432.0,0,2,10,6,0,1,1,18,19,19
3434.0,2,2,2,8,3,7,10,17,21,24
3437.0,0,0,0,8,0,5,5,8,13,13
3438.0,0,0,0,6,0,3,3,6,9,9
3441.0,3,0,0,7,3,3,6,13,13,16
3443.0,8,10,10,9,1,1,2,38,38,39
3444.0,5,9,8,8,3,3,6,33,33,36
3447.0,1,1,1,10,1,8,9,14,21,22
3450.0,2,4,4,5,0,6,6,15,21,21
3452.0,0,0,0,4,1,1,2,5,5,6
3454.0,3,6,6,8,6,7,13,29,30,36
3455.0,6,9,7,4,9,5,14,35,31,40
3465.0,1,0,0,2,0,5,5,3,8,8
3466.0,0,0,0,4,0,6,6,4,10,10
3479.0,7,7,7,8,9,8,17,38,37,46
3481.0,0,0,0,5,0,9,9,5,14,14
3483.0,5,7,5,7,5,6,11,29,30,35
3484.0,1,6,5,5,3,9,12,20,26,29
3489.0,0,2,2,6,3,5,8,13,15,18
3490.0,2,0,0,5,5,3,8,12,10,15
3491.0,7,6,8,8,3,2,5,32,31,34
3492.0,1,3,4,6,5,8,13,19,22,27
3494.0,0,0,0,2,0,8,8,2,10,10
3498.0,0,0,0,7,2,6,8,9,13,15
3499.0,0,0,0,9,0,4,4,9,13,13
3501.0,6,6,7,5,10,8,18,34,32,42
3504.0,0,0,0,5,0,4,4,5,9,9
3508.0,0,0,0,3,0,4,4,3,7,7
3511.0,0,4,7,8,0,8,8,19,27,27
3512.0,7,3,3,4,6,9,15,23,26,32
3515.0,3,6,7,10,3,7,10,29,33,36
3516.0,0,0,0,3,5,9,14,8,12,17
3518.0,0,0,0,8,2,2,4,10,10,12
3520.0,0,2,2,2,2,7,9,8,13,15
3521.0,0,0,0,1,0,2,2,1,3,3
3522.0,0,0,0,1,0,6,6,1,7,7
3523.0,0,0,0,1,0,2,2,1,3,3
3526.0,10,10,10,3,6,3,9,39,36,42
3527.0,0,4,6,10,0,5,5,20,25,25
3528.0,4,8,6,10,7,10,17,35,38,45
3529.0,10,10,10,10,1,1,2,41,41,42
3530.0,0,5,8,6,0,2,2,19,21,21
3531.0,3,4,5,6,9,9,18,27,27,36
3532.0,10,5,7,4,7,3,10,33,29,36
3533.0,10,10,9,7,6,3,9,42,39,45
3535.0,1,0,0,9,2,3,5,12,13,15
3536.0,0,0,0,1,1,1,2,2,2,3
3537.0,4,9,8,9,9,9,18,39,39,48
3540.0,2,4,4,6,5,9,14,21,25,30
3541.0,6,8,8,6,2,7,9,30,35,37
3543.0,2,0,0,5,3,9,12,10,16,19
3545.0,1,0,0,2,2,6,8,5,9,11
3546.0,8,9,10,9,8,4,12,44,40,48
3548.0,4,6,6,7,3,5,8,26,28,31
3550.0,0,1,1,3,0,10,10,5,15,15
3551.0,9,6,7,5,7,5,12,34,32,39
3552.0,5,0,0,4,5,8,13,14,17,22
3555.0,0,0,0,5,0,2,2,5,7,7
3556.0,8,10,10,8,6,4,10,42,40,46
3557.0,6,10,9,7,10,8,18,42,40,50
3558.0,4,8,8,9,10,9,19,39,38,48
3562.0,0,0,0,8,1,1,2,9,9,10
3563.0,10,10,10,9,4,2,6,43,41,45
3564.0,2,3,3,3,3,7,10,14,18,21
3567.0,10,8,9,7,8,4,12,42,38,46
3570.0,8,10,10,7,9,7,16,44,42,51
3576.0,0,0,0,2,0,6,6,2,8,8
3577.0,7,4,4,6,3,3,6,24,24,27
3580.0,8,8,9,4,8,4,12,37,33,41
3581.0,3,5,5,8,4,8,12,25,29,33
3583.0,5,8,7,9,4,5,9,33,34,38
3587.0,9,7,8,3,5,4,9,32,31,36
3588.0,0,2,3,10,0,3,3,15,18,18
3591.0,2,1,1,7,2,6,8,13,17,19
3592.0,4,8,9,7,6,7,13,34,35,41
3593.0,0,0,0,5,0,7,7,5,12,12
3594.0,5,2,1,4,5,5,10,17,17,22
3596.0,4,8,6,10,8,9,17,36,37,45
3597.0,0,8,7,4,4,6,10,23,25,29
3605.0,0,5,4,2,0,10,10,11,21,21
3607.0,0,0,0,6,0,9,9,6,15,15
3609.0,0,0,0,8,0,6,6,8,14,14
3611.0,8,10,10,4,10,7,17,42,39,49
3615.0,0,0,0,4,4,6,10,8,10,14
3617.0,8,5,4,6,9,7,16,32,30,39
3622.0,9,3,6,7,6,2,8,31,27,33
3623.0,0,0,0,6,0,4,4,6,10,10
3624.0,7,6,7,9,7,5,12,36,34,41
3625.0,0,0,0,3,0,7,7,3,10,10
3628.0,2,2,2,8,8,10,18,22,24,32
3629.0,0,0,0,9,0,1,1,9,10,10
3630.0,0,0,0,1,0,3,3,1,4,4
3631.0,0,0,0,1,0,1,1,1,2,2
3632.0,1,0,0,2,2,7,9,5,10,12
3642.0,0,0,0,1,1,1,2,2,2,3
3645.0,0,4,4,3,0,4,4,11,15,15
3646.0,4,7,8,7,5,7,12,31,33,38
3652.0,1,2,2,7,3,8,11,15,20,23
3653.0,9,8,9,7,3,2,5,36,35,38
3661.0,7,9,10,9,1,1,2,36,36,37
3663.0,2,3,4,4,3,8,11,16,21,24
3664.0,0,0,0,2,0,5,5,2,7,7
3665.0,6,9,8,1,9,9,18,33,33,42
3666.0,0,0,0,7,0,6,6,7,13,13
3669.0,2,4,6,9,7,6,13,28,27,34
3672.0,0,0,0,7,0,5,5,7,12,12
3673.0,1,1,1,2,2,10,12,7,15,17
3675.0,9,7,5,2,4,2,6,27,25,29
3679.0,7,7,8,3,9,6,15,34,31,40
3680.0,9,8,6,2,3,2,5,28,27,30
3682.0,0,0,0,3,1,1,2,4,4,5
3684.0,4,7,7,3,5,6,11,26,27,32
3685.0,0,0,0,5,0,8,8,5,13,13
3686.0,0,0,0,10,0,1,1,10,11,11
3687.0,9,1,1,6,2,6,8,19,23,25
3689.0,5,3,3,8,10,9,19,29,28,38
3691.0,0,0,0,4,0,4,4,4,8,8
3693.0,8,2,3,8,7,5,12,28,26,33
3694.0,3,0,0,9,5,9,14,17,21,26
3698.0,0,0,0,8,1,1,2,9,9,10
3701.0,4,2,2,5,5,8,13,18,21,26
3702.0,1,7,4,5,5,10,15,22,27,32
3703.0,5,4,3,3,8,9,17,23,24,32
3704.0,3,2,2,5,9,10,19,21,22,31
3705.0,7,7,6,5,7,6,13,32,31,38
3706.0,0,5,6,5,3,8,11,19,24,27
3707.0,2,0,0,3,2,4,6,7,9,11
3708.0,2,7,6,4,10,7,17,29,26,36
3709.0,1,6,3,8,5,10,15,23,28,33
3710.0,0,0,0,3,0,10,10,3,13,13
3711.0,4,7,6,3,8,8,16,28,28,36
3712.0,3,0,2,3,5,10,15,13,18,23
3713.0,0,2,2,1,2,5,7,7,10,12
3714.0,0,0,0,6,0,7,7,6,13,13
3715.0,6,8,5,2,5,7,12,26,28,33
4102.0,5,2,3,3,5,4,9,18,17,22
4104.0,5,5,5,8,6,6,12,29,29,35
4105.0,10,9,9,6,7,4,11,41,38,45
4106.0,5,4,6,6,6,8,14,27,29,35
4107.0,10,9,10,3,7,3,10,39,35,42
4108.0,0,0,0,9,0,1,1,9,10,10
4109.0,0,0,0,10,0,2,2,10,12,12
4111.0,4,4,5,7,9,7,16,29,27,36
4113.0,0,0,0,5,0,1,1,5,6,6
4114.0,7,3,4,4,5,4,9,23,22,27
4116.0,5,4,4,2,5,9,14,20,24,29
4119.0,8,4,5,4,4,2,6,25,23,27
4120.0,0,0,0,2,0,9,9,2,11,11
4121.0,1,2,2,2,3,10,13,10,17,20
4123.0,3,0,1,3,0,1,1,7,8,8
4126.0,9,8,7,5,9,4,13,38,33,42
4127.0,2,0,0,8,5,7,12,15,17,22
4128.0,0,0,0,7,0,1,1,7,8,8
4129.0,7,3,3,3,5,5,10,21,21,26
4130.0,6,1,1,10,2,3,5,20,21,23
4131.0,0,0,0,7,0,1,1,7,8,8
4133.0,7,2,4,10,3,3,6,26,26,29
4137.0,10,10,10,5,8,4,12,43,39,47
4138.0,8,6,9,5,7,5,12,35,33,40
4139.0,2,2,2,1,0,7,7,7,14,14
4141.0,3,0,0,5,1,1,2,9,9,10
4142.0,0,0,0,3,0,2,2,3,5,5
4144.0,0,2,3,5,1,1,2,11,11,12
4147.0,0,0,0,2,0,1,1,2,3,3
4148.0,4,3,5,9,7,8,15,28,29,36
4152.0,0,0,0,1,1,1,2,2,2,3
4153.0,6,2,3,10,4,5,9,25,26,30
4154.0,0,0,0,10,0,6,6,10,16,16
4155.0,1,4,5,8,2,4,6,20,22,24
4157.0,0,0,0,6,0,1,1,6,7,7
4160.0,2,0,0,8,3,6,9,13,16,19
4161.0,5,0,0,5,4,5,9,14,15,19
4162.0,10,3,6,10,3,1,4,32,30,33
4163.0,9,8,8,1,7,5,12,33,31,38
4164.0,8,5,4,1,4,5,9,22,23,27
4167.0,0,0,0,6,0,2,2,6,8,8
4168.0,0,0,0,10,0,1,1,10,11,11
4171.0,0,8,8,5,0,2,2,21,23,23
4173.0,4,3,2,10,5,7,12,24,26,31
4174.0,0,0,0,6,0,1,1,6,7,7
4175.0,1,6,3,1,2,10,12,13,21,23
4183.0,3,5,6,3,5,8,13,22,25,30
4188.0,0,0,0,8,0,1,1,8,9,9
4190.0,1,5,4,2,0,8,8,12,20,20
4192.0,0,0,0,10,0,1,1,10,11,11
4198.0,0,0,0,1,0,5,5,1,6,6
4205.0,9,10,10,7,5,3,8,41,39,44
4207.0,5,4,4,3,7,10,17,23,26,33
4303.0,0,0,0,7,3,2,5,10,9,12
4304.0,0,0,0,8,0,10,10,8,18,18
4305.0,9,7,10,9,8,5,13,43,40,48
4306.0,4,2,1,3,9,9,18,19,19,28
4401.0,0,3,3,3,0,9,9,9,18,18
4402.0,0,0,0,6,0,2,2,6,8,8
4406.0,0,0,0,7,0,7,7,7,14,14
4413.0,3,2,3,3,4,7,11,15,18,22
4414.0,0,0,0,8,0,10,10,8,18,18
4415.0,0,0,0,10,1,1,2,11,11,12
4416.0,10,0,0,3,0,1,1,13,14,14
4417.0,7,7,7,5,10,8,18,36,34,44
4419.0,2,0,0,1,0,1,1,3,4,4
4420.0,0,0,0,1,0,4,4,1,5,5
4426.0,0,0,0,2,2,4,6,4,6,8
4429.0,2,0,0,6,1,1,2,9,9,10
4430.0,0,1,0,4,0,10,10,5,15,15
4432.0,6,0,0,9,10,8,18,25,23,33
4433.0,0,2,2,2,0,10,10,6,16,16
4438.0,5,6,5,4,8,9,17,28,29,37
4439.0,7,9,8,6,10,9,19,40,39,49
4440.0,3,6,5,2,5,6,11,21,22,27
4502.0,0,0,0,2,0,7,7,2,9,9
4503.0,0,0,0,8,0,2,2,8,10,10
4506.0,9,9,9,10,7,4,11,44,41,48
4510.0,5,0,0,2,7,9,16,14,16,23
4513.0,0,0,0,2,6,7,13,8,9,15
4523.0,0,0,0,8,2,3,5,10,11,13
4526.0,0,0,0,5,0,10,10,5,15,15
4527.0,4,7,7,7,9,9,18,34,34,43
4528.0,3,6,5,3,8,7,15,25,24,32
4529.0,0,0,0,9,0,1,1,9,10,10
4530.0,0,0,0,3,0,5,5,3,8,8
4532.0,4,5,4,6,8,10,18,27,29,37
4533.0,4,1,2,2,6,8,14,15,17,23
4534.0,0,0,0,7,0,7,7,7,14,14
4535.0,7,2,4,10,9,9,18,32,32,41
4536.0,9,9,9,6,10,6,16,43,39,49
4538.0,8,4,5,7,8,5,13,32,29,37
4540.0,2,2,2,1,3,8,11,10,15,18
4541.0,0,0,0,1,0,6,6,1,7,7
4542.0,7,3,3,4,5,5,10,22,22,27
4543.0,8,2,2,6,5,4,9,23,22,27
4545.0,4,1,2,5,6,8,14,18,20,26
4549.0,9,9,10,5,6,3,9,39,36,42
4550.0,5,6,6,5,9,9,18,31,31,40
4551.0,6,9,7,7,8,6,14,37,35,43
4552.0,7,5,7,6,10,9,19,35,34,44
4554.0,0,0,0,10,2,6,8,12,16,18
4555.0,0,3,3,2,2,4,6,10,12,14
4556.0,4,2,2,5,2,5,7,15,18,20
4557.0,8,8,8,9,9,7,16,42,40,49
4558.0,2,0,0,2,3,9,12,7,13,16
4560.0,3,6,7,9,5,6,11,30,31,36
4561.0,8,4,4,2,8,7,15,26,25,33
4562.0,0,0,0,3,0,6,6,3,9,9
4563.0,5,0,0,2,4,9,13,11,16,20
4564.0,0,3,3,1,0,4,4,7,11,11
4566.0,4,5,5,3,8,8,16,25,25,33
4568.0,4,8,9,5,2,6,8,28,32,34
4569.0,3,1,1,8,1,1,2,14,14,15
4571.0,7,9,8,9,7,6,13,40,39,46
4572.0,10,2,5,4,5,2,7,26,23,28
4576.0,1,3,3,4,2,4,6,13,15,17
4577.0,0,0,0,6,0,7,7,6,13,13
4580.0,8,9,9,3,9,7,16,38,36,45
4581.0,9,6,7,4,9,6,15,35,32,41
4583.0,10,7,9,7,7,2,9,40,35,42
4584.0,7,6,5,3,6,7,13,27,28,34
4609.0,0,0,0,1,0,4,4,1,5,5
4702.0,0,3,4,9,8,6,14,24,22,30
4706.0,0,4,6,9,0,5,5,19,24,24
4707.0,1,5,6,9,9,3,12,30,24,33
4711.0,3,1,1,6,2,7,9,13,18,20
4712.0,0,0,0,5,0,1,1,5,6,6
4714.0,0,0,0,6,0,3,3,6,9,9
4716.0,0,2,2,6,0,5,5,10,15,15
4720.0,1,2,2,4,6,10,16,15,19,25
4721.0,3,8,8,8,0,5,5,27,32,32
4722.0,3,7,7,3,4,8,12,24,28,32
4725.0,0,0,0,1,1,1,2,2,2,3
4726.0,0,0,0,4,0,2,2,4,6,6
4728.0,10,10,10,5,7,2,9,42,37,44
4729.0,1,0,0,4,4,7,11,9,12,16
4735.0,3,8,8,10,7,6,13,36,35,42
4736.0,9,10,9,8,9,4,13,45,40,49
4737.0,1,3,3,1,2,5,7,10,13,15
4739.0,0,3,3,3,0,7,7,9,16,16
4741.0,5,3,4,10,6,6,12,28,28,34
4743.0,0,0,0,8,0,1,1,8,9,9
4744.0,0,5,5,4,0,7,7,14,21,21
4745.0,4,2,3,10,5,10,15,24,29,34
4746.0,8,0,0,4,3,4,7,15,16,19
4747.0,9,5,7,6,3,2,5,30,29,32
4754.0,7,9,8,2,6,6,12,32,32,38
4755.0,6,7,7,7,4,4,8,31,31,35
4760.0,7,8,8,10,6,5,11,39,38,44
4763.0,10,10,9,10,6,2,8,45,41,47
4764.0,0,2,3,3,0,7,7,8,15,15
4766.0,7,7,7,5,7,6,13,33,32,39
4767.0,5,5,6,3,9,9,18,28,28,37
4768.0,9,9,9,8,3,2,5,38,37,40
4770.0,10,10,10,7,8,3,11,45,40,48
4803.0,0,0,0,1,1,1,2,2,2,3
4804.0,0,0,0,1,0,9,9,1,10,10
4806.0,0,0,0,2,1,1,2,3,3,4
4807.0,0,0,0,7,0,10,10,7,17,17
4903.0,0,0,0,9,0,5,5,9,14,14
4904.0,8,8,8,1,5,4,9,30,29,34
4905.0,0,0,0,10,9,1,10,19,11,20
4906.0,2,2,3,6,9,10,19,22,23,32
4907.0,0,5,3,2,2,6,8,12,16,18
4908.0,9,6,9,10,3,2,5,37,36,39
4909.0,0,0,0,9,0,2,2,9,11,11
4911.0,10,0,0,10,3,1,4,23,21,24
4912.0,4,8,6,6,4,8,12,28,32,36
4915.0,3,9,6,6,9,10,19,33,34,43
4916.0,4,1,2,3,7,8,15,17,18,25
4919.0,4,8,8,2,6,7,13,28,29,35
4923.0,0,4,6,9,2,5,7,21,24,26
4924.0,0,2,2,3,0,8,8,7,15,15
4927.0,0,8,6,3,0,9,9,17,26,26
4930.0,5,2,2,2,10,10,20,21,21,31
4931.0,2,3,2,9,4,8,12,20,24,28
4933.0,6,4,7,6,7,6,13,30,29,36
4934.0,1,0,0,6,8,4,12,15,11,19
4935.0,2,5,6,6,9,8,17,28,27,36
4938.0,1,6,4,5,8,10,18,24,26,34
4939.0,4,2,3,4,2,7,9,15,20,22
4942.0,7,6,7,9,10,8,18,39,37,47
4943.0,0,0,0,3,0,8,8,3,11,11
4944.0,0,0,0,2,1,1,2,3,3,4
4945.0,5,5,8,9,2,2,4,29,29,31
4946.0,0,0,0,7,0,1,1,7,8,8
4947.0,8,9,10,8,1,1,2,36,36,37
4950.0,0,0,0,5,1,1,2,6,6,7
4951.0,9,8,10,9,5,2,7,41,38,43
4952.0,5,8,9,6,4,4,8,32,32,36
4953.0,5,10,9,8,7,8,15,39,40,47
4956.0,0,0,0,2,0,6,6,2,8,8
4958.0,2,6,6,4,9,10,19,27,28,37
4960.0,0,0,0,6,0,9,9,6,15,15
4961.0,8,6,7,9,8,6,14,38,36,44
4966.0,7,10,10,10,1,1,2,38,38,39
4967.0,1,0,0,8,3,10,13,12,19,22
4968.0,0,3,3,9,0,2,2,15,17,17
4971.0,0,3,4,10,3,4,7,20,21,24
4972.0,1,3,5,9,2,5,7,20,23,25
4973.0,2,3,4,10,9,10,19,28,29,38
4974.0,7,9,10,8,10,7,17,44,41,51
4976.0,0,0,0,5,0,2,2,5,7,7
4977.0,7,8,9,8,10,4,14,42,36,46
4979.0,8,0,0,5,3,2,5,16,15,18
4987.0,8,8,9,6,9,6,15,40,37,46
4989.0,0,2,3,7,0,8,8,12,20,20
4991.0,0,0,0,5,0,5,5,5,10,10
4994.0,5,3,8,8,4,5,9,28,29,33
4995.0,8,8,8,2,9,6,15,35,32,41
4999.0,0,5,7,8,1,7,8,21,27,28
5007.0,9,8,9,7,7,5,12,40,38,45
5009.0,9,3,2,1,10,6,16,25,21,31
5011.0,0,0,0,3,5,10,15,8,13,18
5013.0,5,4,4,3,8,10,18,24,26,34
5014.0,1,1,1,4,3,10,13,10,17,20
5015.0,6,7,8,9,7,6,13,37,36,43
5016.0,2,5,5,2,6,9,15,20,23,29
5102.0,3,4,4,6,1,1,2,18,18,19
5201.0,4,7,10,6,9,3,12,36,30,39
5202.0,0,0,0,10,1,2,3,11,12,13
5203.0,5,3,5,6,3,3,6,22,22,25
5205.0,0,0,0,7,0,2,2,7,9,9
5206.0,5,3,2,5,4,7,11,19,22,26
5209.0,4,10,9,6,9,9,18,38,38,47
5210.0,0,0,0,9,0,2,2,9,11,11
5211.0,0,0,0,7,0,3,3,7,10,10
5212.0,8,10,10,6,8,6,14,42,40,48
5213.0,9,1,1,4,4,4,8,19,19,23
5215.0,6,7,9,7,6,7,13,35,36,42
5220.0,3,8,8,3,4,7,11,26,29,33
5222.0,10,8,10,7,4,2,6,39,37,41
5223.0,0,7,7,5,0,8,8,19,27,27
5225.0,4,0,0,8,10,10,20,22,22,32
5227.0,0,0,0,6,0,3,3,6,9,9
5228.0,0,0,0,1,0,6,6,1,7,7
5230.0,0,1,1,2,0,9,9,4,13,13
5234.0,8,10,10,5,5,4,9,38,37,42
5236.0,10,9,10,10,5,2,7,44,41,46
5243.0,5,6,6,6,9,9,18,32,32,41
5244.0,9,7,9,9,6,3,9,40,37,43
5245.0,0,3,4,6,0,6,6,13,19,19
5251.0,0,0,0,8,0,3,3,8,11,11
5258.0,7,6,5,7,8,6,14,33,31,39
5259.0,0,0,0,10,1,1,2,11,11,12
5263.0,0,0,0,2,0,2,2,2,4,4
5264.0,2,0,0,5,1,1,2,8,8,9
5269.0,10,10,10,10,1,1,2,41,41,42
5272.0,0,0,0,6,0,2,2,6,8,8
5274.0,10,10,10,10,1,1,2,41,41,42
5276.0,2,0,0,9,0,9,9,11,20,20
5278.0,9,10,10,5,7,5,12,41,39,46
5281.0,0,0,0,9,1,1,2,10,10,11
5283.0,7,10,9,8,8,7,15,42,41,49
5284.0,10,5,5,4,8,4,12,32,28,36
5285.0,3,6,5,2,3,7,10,19,23,26
5287.0,10,10,10,6,8,2,10,44,38,46
5288.0,8,10,9,6,10,6,16,43,39,49
5289.0,8,10,10,6,6,4,10,40,38,44
5291.0,2,6,6,5,4,8,12,23,27,31
5299.0,7,10,10,10,6,3,9,43,40,46
5301.0,0,0,0,6,0,2,2,6,8,8
5302.0,0,0,0,3,0,1,1,3,4,4
5304.0,7,0,0,5,1,1,2,13,13,14
5305.0,0,6,6,4,1,1,2,17,17,18
5306.0,9,10,9,4,7,4,11,39,36,43
5309.0,4,0,0,4,5,6,11,13,14,19
5310.0,0,0,0,6,0,1,1,6,7,7
5312.0,6,7,6,2,8,7,15,29,28,36
5314.0,0,0,0,9,2,1,3,11,10,12
5315.0,5,6,9,8,9,8,17,37,36,45
5317.0,6,10,10,8,1,1,2,35,35,36
5321.0,4,4,3,2,4,7,11,17,20,24
5324.0,0,0,0,1,0,3,3,1,4,4
5328.0,5,1,1,8,5,5,10,20,20,25
5340.0,1,3,4,10,1,2,3,19,20,21
5344.0,0,0,0,6,0,2,2,6,8,8
5345.0,0,0,0,7,0,1,1,7,8,8
5347.0,8,10,10,1,8,4,12,37,33,41
5348.0,3,0,0,9,2,5,7,14,17,19
5349.0,0,0,0,7,1,1,2,8,8,9
5351.0,0,0,0,3,0,2,2,3,5,5
5353.0,6,5,7,7,9,7,16,34,32,41
5355.0,0,0,0,7,0,3,3,7,10,10
5356.0,0,1,1,5,2,9,11,9,16,18
5364.0,0,0,0,1,0,8,8,1,9,9
5371.0,2,5,5,8,7,9,16,27,29,36
5381.0,5,0,0,4,2,3,5,11,12,14
5383.0,0,0,0,2,0,5,5,2,7,7
5386.0,2,6,5,10,5,9,14,28,32,37
5388.0,3,8,5,5,8,10,18,29,31,39
5392.0,0,0,0,3,0,10,10,3,13,13
5398.0,0,0,0,10,0,3,3,10,13,13
5403.0,10,10,7,9,8,4,12,44,40,48
5410.0,4,9,7,7,9,9,18,36,36,45
5425.0,7,6,6,5,5,7,12,29,31,36
5426.0,0,0,0,6,2,3,5,8,9,11
5432.0,5,3,6,10,2,2,4,26,26,28
5434.0,4,10,8,5,9,9,18,36,36,45
5438.0,0,1,1,8,2,6,8,12,16,18
5439.0,8,9,8,7,5,5,10,37,37,42
5443.0,0,6,6,5,3,6,9,20,23,26
5450.0,1,2,2,1,0,8,8,6,14,14
5452.0,2,2,2,6,2,10,12,14,22,24
5455.0,0,0,0,10,1,1,2,11,11,12
5457.0,4,6,5,5,3,10,13,23,30,33
5460.0,0,0,0,8,0,5,5,8,13,13
5464.0,0,0,0,4,6,6,12,10,10,16
5465.0,4,5,4,10,5,8,13,28,31,36
5468.0,0,0,0,6,0,2,2,6,8,8
5469.0,8,6,6,4,10,9,19,34,33,43
5471.0,3,8,9,8,3,4,7,31,32,35
5474.0,9,10,10,9,5,3,8,43,41,46
5475.0,0,0,0,5,0,4,4,5,9,9
5478.0,8,7,8,9,6,4,10,38,36,42
5481.0,0,0,0,2,0,2,2,2,4,4
5483.0,10,5,5,2,10,7,17,32,29,39
5484.0,0,0,0,9,0,3,3,9,12,12
5487.0,0,3,6,7,0,3,3,16,19,19
5488.0,0,0,0,8,6,8,14,14,16,22
5489.0,5,4,6,8,5,5,10,28,28,33
5490.0,0,0,0,2,0,4,4,2,6,6
5493.0,5,5,6,7,9,10,19,32,33,42
5498.0,0,2,2,3,10,5,15,17,12,22
5508.0,10,8,6,2,10,5,15,36,31,41
5511.0,8,7,6,3,10,9,19,34,33,43
5512.0,5,1,1,2,3,9,12,12,18,21
5514.0,0,0,0,10,0,2,2,10,12,12
5515.0,2,3,5,5,9,8,17,24,23,32
5516.0,0,8,5,7,0,10,10,20,30,30
5519.0,9,7,5,1,9,6,15,31,28,37
5520.0,8,6,7,8,10,8,18,39,37,47
5521.0,1,0,0,8,2,8,10,11,17,19
5522.0,9,5,4,9,9,5,14,36,32,41
5523.0,9,3,2,4,10,8,18,28,26,36
5525.0,9,2,1,7,10,7,17,29,26,36
5529.0,0,0,0,8,0,2,2,8,10,10
5530.0,10,5,3,10,9,3,12,37,31,40
5531.0,1,0,0,2,0,4,4,3,7,7
5533.0,10,2,2,5,10,6,16,29,25,35
5534.0,9,7,5,10,8,5,13,39,36,44
5536.0,7,10,8,7,10,9,19,42,41,51
5538.0,2,7,7,4,8,10,18,28,30,38
5543.0,0,1,1,5,0,10,10,7,17,17
5546.0,0,0,0,7,0,10,10,7,17,17
5601.0,10,1,2,2,2,1,3,17,16,18
5603.0,4,0,0,5,9,7,16,18,16,25
5604.0,10,3,4,3,3,1,4,23,21,24
5607.0,10,5,4,1,7,2,9,27,22,29
5608.0,0,0,0,2,0,5,5,2,7,7
5609.0,4,10,9,8,10,10,20,41,41,51
5701.0,0,0,0,2,0,6,6,2,8,8
5703.0,4,0,0,2,2,3,5,8,9,11
5704.0,9,6,8,9,6,3,9,38,35,41
5706.0,5,2,3,7,3,5,8,20,22,25
5820.0,1,4,2,10,1,1,2,18,18,19
5864.0,10,2,4,10,10,3,13,36,29,39
5871.0,10,10,4,2,10,4,14,36,30,40
5876.0,1,5,2,10,9,3,12,27,21,30
5878.0,4,8,10,5,1,1,2,28,28,29
5880.0,1,6,1,10,7,2,9,25,20,27
5902.0,6,6,7,9,7,7,14,35,35,42
5903.0,2,10,4,1,6,10,16,23,27,33
5904.0,8,10,8,1,6,5,11,33,32,38
5905.0,0,0,0,2,2,4,6,4,6,8
5906.0,4,3,2,3,7,9,16,19,21,28
5907.0,0,0,0,1,0,10,10,1,11,11
6005.0,9,3,3,9,10,4,14,34,28,38
6015.0,2,0,0,9,2,4,6,13,15,17
6016.0,10,2,2,8,10,5,15,32,27,37
6020.0,10,0,0,10,8,2,10,28,22,30
6021.0,8,2,2,6,3,3,6,21,21,24
6023.0,0,6,2,9,10,3,13,27,20,30
6024.0,3,7,2,10,10,3,13,32,25,35
6026.0,10,1,3,10,10,3,13,34,27,37
6101.0,6,0,0,10,2,2,4,18,18,20
6103.0,0,0,0,10,1,1,2,11,11,12
6104.0,2,9,9,4,0,3,3,24,27,27
6108.0,0,1,1,8,3,10,13,13,20,23
6109.0,4,0,0,8,6,8,14,18,20,26
6111.0,0,3,3,4,3,5,8,13,15,18
6112.0,4,7,6,7,5,9,14,29,33,38
6113.0,0,0,0,4,0,7,7,4,11,11
6114.0,0,2,3,7,2,8,10,14,20,22
6115.0,6,7,8,5,8,7,15,34,33,41
6116.0,0,0,0,6,0,4,4,6,10,10
6117.0,1,0,0,2,1,5,6,4,8,9
6118.0,0,0,0,10,0,10,10,10,20,20
6120.0,0,0,0,3,3,10,13,6,13,16
6121.0,5,9,8,7,9,9,18,38,38,47
6122.0,5,3,3,9,8,9,17,28,29,37
6123.0,4,9,9,9,8,9,17,39,40,48
6124.0,0,4,4,7,0,3,3,15,18,18
6125.0,3,0,0,4,3,4,7,10,11,14
6126.0,6,7,6,5,6,8,14,30,32,38
6127.0,0,0,0,1,8,4,12,9,5,13
6128.0,6,4,5,5,10,9,19,30,29,39
6129.0,0,0,0,8,3,4,7,11,12,15
6130.0,1,0,0,6,5,2,7,12,9,14
6131.0,0,0,0,10,1,1,2,11,11,12
6133.0,1,0,0,8,3,6,9,12,15,18
6134.0,0,0,0,3,0,7,7,3,10,10
6136.0,0,2,9,9,5,3,8,25,23,28
6138.0,7,9,9,6,3,4,7,34,35,38
6139.0,5,3,2,8,7,9,16,25,27,34
6140.0,0,1,1,9,1,9,10,12,20,21
6141.0,0,0,0,3,0,9,9,3,12,12
6142.0,0,0,0,4,2,7,9,6,11,13
6143.0,6,7,7,8,6,8,14,34,36,42
6144.0,0,0,0,9,0,4,4,9,13,13
6146.0,10,10,10,7,8,3,11,45,40,48
6147.0,9,8,9,7,9,4,13,42,37,46
6148.0,6,5,5,6,7,6,13,29,28,35
6150.0,0,0,0,9,0,9,9,9,18,18
6151.0,4,6,6,7,7,8,15,30,31,38
6152.0,0,1,0,7,2,9,11,10,17,19
6153.0,0,0,0,2,0,8,8,2,10,10
6154.0,1,3,4,5,6,10,16,19,23,29
6155.0,2,3,6,10,5,3,8,26,24,29
6156.0,3,5,4,5,10,10,20,27,27,37
6158.0,3,4,4,7,4,8,12,22,26,30
6160.0,0,1,1,6,3,8,11,11,16,19
6161.0,7,8,9,8,7,5,12,39,37,44
6163.0,0,2,2,7,8,10,18,19,21,29
6164.0,0,0,0,5,2,6,8,7,11,13
6165.0,0,0,0,1,0,9,9,1,10,10
6166.0,3,4,4,2,3,8,11,16,21,24
6167.0,4,4,6,9,9,7,16,32,30,39
6168.0,1,4,7,7,4,5,9,23,24,28
6169.0,0,0,0,3,0,1,1,3,4,4
6170.0,6,5,5,9,6,5,11,31,30,36
6171.0,0,2,2,10,0,6,6,14,20,20
6172.0,4,2,2,1,1,1,2,10,10,11
6173.0,6,8,9,6,6,5,11,35,34,40
6174.0,2,1,2,7,4,5,9,16,17,21
6175.0,6,6,6,9,8,7,15,35,34,42
6176.0,7,10,9,6,10,7,17,42,39,49
6177.0,7,4,2,5,4,9,13,22,27,31
6179.0,4,4,3,6,0,8,8,17,25,25
6180.0,6,9,9,9,6,7,13,39,40,46
6182.0,8,4,4,4,6,5,11,26,25,31
6183.0,10,8,9,7,5,3,8,39,37,42
6184.0,10,8,10,9,8,3,11,45,40,48
6185.0,3,0,0,5,6,3,9,14,11,17
6186.0,8,2,2,6,8,5,13,26,23,31
6187.0,1,6,8,2,2,2,4,19,19,21
6188.0,6,5,5,8,6,5,11,30,29,35
6189.0,3,8,6,7,8,10,18,32,34,42
6190.0,3,5,4,3,5,9,14,20,24,29
6191.0,8,5,5,5,10,7,17,33,30,40
6192.0,8,9,9,8,10,7,17,44,41,51
6194.0,7,2,4,7,9,7,16,29,27,36
6195.0,4,8,6,1,8,9,17,27,28,36
6196.0,3,9,5,5,9,10,19,31,32,41
6197.0,7,7,9,7,7,6,13,37,36,43
6198.0,10,0,0,10,7,3,10,27,23,30
6199.0,8,0,0,9,3,2,5,20,19,22
6201.0,7,8,9,9,8,6,14,41,39,47
6202.0,5,10,10,5,2,2,4,32,32,34
6203.0,9,10,10,5,9,5,14,43,39,48
6204.0,1,4,7,6,10,2,12,28,20,30
6205.0,7,5,8,8,4,3,7,32,31,35
6206.0,7,8,10,10,5,4,9,40,39,44
6207.0,2,6,7,6,5,5,10,26,26,31
6208.0,7,8,7,3,8,7,15,33,32,40
6209.0,0,0,0,8,2,6,8,10,14,16
6210.0,0,7,8,8,0,4,4,23,27,27
6212.0,10,3,2,10,4,8,12,29,33,37
6213.0,2,8,7,5,3,7,10,25,29,32
6214.0,3,6,7,4,6,9,15,26,29,35
6215.0,1,4,4,8,6,5,11,23,22,28
6216.0,7,6,10,10,5,3,8,38,36,41
6217.0,0,4,4,3,0,7,7,11,18,18
6218.0,3,4,5,9,6,7,13,27,28,34
6219.0,6,0,0,9,3,7,10,18,22,25
6220.0,0,5,3,5,0,10,10,13,23,23
6221.0,5,9,8,7,5,8,13,34,37,42
6222.0,0,1,3,10,0,1,1,14,15,15
6223.0,9,7,6,4,6,4,10,32,30,36
6224.0,0,5,7,7,3,6,9,22,25,28
6225.0,0,0,0,8,0,2,2,8,10,10
6226.0,0,0,0,3,0,7,7,3,10,10
6227.0,3,8,5,9,10,10,20,35,35,45
6228.0,0,0,0,4,0,1,1,4,5,5
6229.0,0,4,5,6,0,8,8,15,23,23
6230.0,5,8,7,4,8,8,16,32,32,40
6231.0,7,9,10,6,3,2,5,35,34,37
6233.0,0,1,1,8,1,2,3,11,12,13
6234.0,7,4,4,9,7,5,12,31,29,36
6235.0,8,5,4,5,5,4,9,27,26,31
6236.0,0,0,0,9,1,1,2,10,10,11
6237.0,0,0,0,9,0,2,2,9,11,11
6238.0,8,9,9,10,1,1,2,37,37,38
6239.0,6,8,7,2,6,6,12,29,29,35
6240.0,0,0,0,2,0,2,2,2,4,4
6241.0,0,0,0,10,0,8,8,10,18,18
6242.0,9,8,9,5,9,5,14,40,36,45
6243.0,4,0,0,8,3,3,6,15,15,18
6244.0,5,0,0,2,4,5,9,11,12,16
6245.0,8,9,8,7,8,6,14,40,38,46
6246.0,0,0,0,9,0,10,10,9,19,19
6247.0,0,0,0,1,1,1,2,2,2,3
6248.0,2,8,5,4,10,10,20,29,29,39
6251.0,4,3,2,3,1,1,2,13,13,14
6257.0,7,7,8,2,7,6,13,31,30,37
6259.0,3,2,2,7,5,8,13,19,22,27
6261.0,6,6,8,7,6,5,11,33,32,38
6263.0,10,10,10,8,7,2,9,45,40,47
6264.0,0,0,0,1,0,3,3,1,4,4
6265.0,0,0,0,9,0,5,5,9,14,14
6266.0,6,7,7,7,9,8,17,36,35,44
6269.0,3,8,8,5,9,9,18,33,33,42
6270.0,1,5,7,10,6,10,16,29,33,39
6271.0,6,6,8,3,5,4,9,28,27,32
6274.0,5,9,8,5,3,5,8,30,32,35
6275.0,3,5,4,2,6,9,15,20,23,29
6276.0,5,3,4,9,7,6,13,28,27,34
6277.0,8,9,9,6,8,6,14,40,38,46
6278.0,4,9,7,5,10,10,20,35,35,45
6279.0,8,7,7,4,7,5,12,33,31,38
6281.0,2,10,7,2,8,10,18,29,31,39
6282.0,1,4,3,3,1,7,8,12,18,19
6283.0,0,0,0,9,0,4,4,9,13,13
6284.0,6,4,6,3,7,6,13,26,25,32
6285.0,3,6,5,7,7,10,17,28,31,38
6287.0,0,0,0,8,0,6,6,8,14,14
6288.0,0,1,1,5,0,7,7,7,14,14
6289.0,0,0,0,1,1,1,2,2,2,3
6290.0,6,8,7,6,9,7,16,36,34,43
6291.0,10,0,0,10,5,3,8,25,23,28
6292.0,7,9,10,7,10,5,15,43,38,48
6294.0,10,10,10,5,9,4,13,44,39,48
6404.0,0,0,0,10,1,1,2,11,11,12
6405.0,0,0,0,10,0,2,2,10,12,12
6409.0,9,10,10,6,1,1,2,36,36,37
6411.0,8,9,10,10,4,3,7,41,40,44
6412.0,6,10,7,10,6,6,12,39,39,45
6414.0,3,3,3,4,10,10,20,23,23,33
6415.0,0,9,10,7,2,2,4,28,28,30
6416.0,6,7,7,3,5,5,10,28,28,33
6417.0,8,7,7,2,6,4,10,30,28,34
6418.0,4,0,0,2,6,8,14,12,14,20
6419.0,1,0,0,5,4,7,11,10,13,17
6425.0,0,0,0,3,0,6,6,3,9,9
6426.0,0,2,3,8,0,2,2,13,15,15
6431.0,0,0,0,3,0,4,4,3,7,7
6432.0,2,7,7,9,4,8,12,29,33,37
6435.0,3,10,9,6,4,7,11,32,35,39
6438.0,8,8,6,3,9,7,16,34,32,41
6441.0,0,0,0,10,0,3,3,10,13,13
6442.0,5,1,1,5,3,5,8,15,17,20
6443.0,4,0,0,3,5,6,11,12,13,18
6446.0,0,0,0,8,0,1,1,8,9,9
6449.0,7,7,6,6,6,5,11,32,31,37
6451.0,4,3,5,5,2,3,5,19,20,22
6452.0,10,8,10,7,1,1,2,36,36,37
6456.0,0,8,5,4,0,10,10,17,27,27
6457.0,0,7,9,8,0,4,4,24,28,28
6461.0,0,0,0,1,0,1,1,1,2,2
6462.0,0,0,0,5,0,3,3,5,8,8
6464.0,10,7,10,1,9,4,13,37,32,41
6465.0,0,0,0,1,0,3,3,1,4,4
6469.0,3,8,5,1,3,5,8,20,22,25
6470.0,5,9,9,10,9,8,17,42,41,50
6472.0,10,10,8,2,5,3,8,35,33,38
6477.0,9,5,4,1,8,4,12,27,23,31
6482.0,8,0,0,8,4,4,8,20,20,24
6485.0,4,5,7,10,5,5,10,31,31,36
6486.0,7,10,9,4,9,7,16,39,37,46
6488.0,10,10,10,2,9,3,12,41,35,44
6491.0,10,10,10,8,6,3,9,44,41,47
6492.0,0,0,0,10,0,1,1,10,11,11
6494.0,2,8,10,7,2,6,8,29,33,35
6496.0,0,0,0,3,0,6,6,3,9,9
6497.0,1,0,0,1,1,1,2,3,3,4
6499.0,0,0,0,7,0,1,1,7,8,8
6504.0,2,2,2,2,3,9,12,11,17,20
6505.0,2,3,4,6,2,8,10,17,23,25
6506.0,0,4,4,2,1,1,2,11,11,12
6508.0,4,7,7,8,5,6,11,31,32,37
6509.0,7,7,5,6,9,7,16,34,32,41
6510.0,0,7,9,10,2,2,4,28,28,30
6512.0,0,0,0,10,0,5,5,10,15,15
6514.0,8,8,9,8,6,4,10,39,37,43
6515.0,8,10,10,7,4,2,6,39,37,41
6516.0,7,1,2,7,3,2,5,20,19,22
6517.0,10,1,1,8,1,3,4,21,23,24
6523.0,10,7,9,10,7,2,9,43,38,45
6525.0,8,10,10,5,8,6,14,41,39,47
6526.0,5,1,1,8,1,1,2,16,16,17
6527.0,7,7,8,8,6,4,10,36,34,40
6530.0,9,5,8,10,4,2,6,36,34,38
6531.0,9,4,5,10,2,1,3,30,29,31
6532.0,9,9,9,10,8,4,12,45,41,49
6533.0,0,2,3,8,0,1,1,13,14,14
6535.0,0,0,0,10,0,1,1,10,11,11
6538.0,9,7,8,5,6,5,11,35,34,40
6541.0,0,0,0,1,0,1,1,1,2,2
6542.0,8,0,0,9,5,4,9,22,21,26
6546.0,7,9,9,4,4,3,7,33,32,36
6547.0,0,0,0,8,0,1,1,8,9,9
6548.0,7,9,8,3,7,4,11,34,31,38
6550.0,0,0,0,8,0,1,1,8,9,9
6552.0,0,5,5,2,0,6,6,12,18,18
6556.0,7,5,5,6,10,7,17,33,30,40
6558.0,0,0,0,8,0,6,6,8,14,14
6560.0,0,6,10,8,0,2,2,24,26,26
6561.0,10,10,9,1,4,2,6,34,32,36
6568.0,4,7,10,10,3,3,6,34,34,37
6569.0,7,9,9,5,6,4,10,36,34,40
6570.0,8,8,8,3,9,6,15,36,33,42
6573.0,0,0,0,3,0,8,8,3,11,11
6574.0,5,4,8,6,1,1,2,24,24,25
6576.0,0,0,0,4,0,1,1,4,5,5
6577.0,6,10,10,8,9,7,16,43,41,50
6578.0,0,0,0,3,0,4,4,3,7,7
6579.0,7,4,6,7,6,4,10,30,28,34
6581.0,10,8,9,10,7,3,10,44,40,47
6582.0,0,8,9,10,0,2,2,27,29,29
6584.0,0,1,1,2,1,1,2,5,5,6
6585.0,9,7,6,4,4,3,7,30,29,33
6588.0,0,0,0,4,0,2,2,4,6,6
6589.0,0,0,0,7,0,1,1,7,8,8
6590.0,9,9,9,4,7,4,11,38,35,42
6591.0,5,6,7,4,9,8,17,31,30,39
6592.0,9,8,2,10,7,5,12,36,34,41
6593.0,6,0,0,2,2,2,4,10,10,12
6594.0,1,4,9,8,1,1,2,23,23,24
6596.0,6,0,2,9,7,7,14,24,24,31
6598.0,0,0,0,2,0,3,3,2,5,5
6603.0,1,1,1,1,2,10,12,6,14,16
6605.0,8,4,3,2,9,7,16,26,24,33
6606.0,9,1,1,6,1,1,2,18,18,19
6609.0,3,4,4,4,9,9,18,24,24,33
6612.0,9,6,10,6,3,2,5,34,33,36
6613.0,8,10,9,6,10,8,18,43,41,51
6615.0,0,5,6,6,4,5,9,21,22,26
6616.0,0,0,1,3,0,10,10,4,14,14
6624.0,0,0,0,2,1,1,2,3,3,4
6625.0,6,0,0,7,7,6,13,20,19,26
6629.0,9,10,9,9,8,6,14,45,43,51
6640.0,3,5,6,4,2,3,5,20,21,23
6641.0,0,9,9,9,5,9,14,32,36,41
6642.0,8,8,10,5,4,3,7,35,34,38
6643.0,10,10,10,10,1,1,2,41,41,42
6649.0,0,0,0,6,2,1,3,8,7,9
6651.0,9,10,10,9,10,6,16,48,44,54
6654.0,0,2,2,1,0,3,3,5,8,8
6655.0,8,8,5,1,3,3,6,25,25,28
6657.0,0,1,1,10,1,1,2,13,13,14
6658.0,2,1,1,3,1,1,2,8,8,9
6661.0,0,2,6,3,0,6,6,11,17,17
6662.0,9,7,9,5,6,4,10,36,34,40
6664.0,10,9,8,7,10,4,14,44,38,48
6666.0,6,4,7,7,3,4,7,27,28,31
6667.0,8,7,5,4,7,5,12,31,29,36
6668.0,0,0,0,4,0,3,3,4,7,7
6669.0,4,10,10,4,1,1,2,29,29,30
6670.0,7,10,10,6,10,8,18,43,41,51
6671.0,7,7,8,7,9,7,16,38,36,45
6672.0,6,9,8,6,8,7,15,37,36,44
6674.0,0,0,0,9,0,6,6,9,15,15
6679.0,9,9,10,10,2,2,4,40,40,42
6680.0,7,7,8,5,6,4,10,33,31,37
6683.0,10,10,10,10,6,2,8,46,42,48
6684.0,0,0,0,8,0,2,2,8,10,10
6689.0,1,4,6,8,3,9,12,22,28,31
6690.0,7,9,8,5,6,5,11,35,34,40
6691.0,8,10,10,9,8,6,14,45,43,51
6693.0,1,1,2,3,0,4,4,7,11,11
6695.0,0,0,0,9,0,2,2,9,11,11
6697.0,4,7,7,9,5,8,13,32,35,40
6698.0,0,0,0,7,0,5,5,7,12,12
6703.0,9,9,10,4,6,5,11,38,37,43
6706.0,0,8,8,3,0,4,4,19,23,23
6708.0,0,1,1,8,1,2,3,11,12,13
6712.0,10,9,10,10,5,1,6,44,40,45
6715.0,9,7,7,7,6,3,9,36,33,39
6716.0,4,10,10,7,2,3,5,33,34,36
6719.0,0,3,6,10,1,2,3,20,21,22
6721.0,2,8,8,7,8,10,18,33,35,43
6727.0,4,9,5,7,8,8,16,33,33,41
6728.0,6,10,9,3,8,8,16,36,36,44
6732.0,8,10,10,8,3,3,6,39,39,42
6733.0,0,0,0,7,0,1,1,7,8,8
6735.0,0,0,0,10,0,2,2,10,12,12
6741.0,10,8,10,10,4,2,6,42,40,44
6743.0,3,0,0,5,0,6,6,8,14,14
6747.0,10,10,10,8,6,2,8,44,40,46
6751.0,5,6,7,9,6,8,14,33,35,41
6752.0,7,10,8,4,5,4,9,34,33,38
6753.0,7,1,1,2,1,6,7,12,17,18
6754.0,5,8,7,7,10,9,19,37,36,46
6756.0,5,8,10,10,2,2,4,35,35,37
6757.0,9,1,1,1,1,1,2,13,13,14
6761.0,5,9,8,8,8,8,16,38,38,46
6762.0,9,7,9,1,3,2,5,29,28,31
6763.0,10,9,9,9,6,3,9,43,40,46
6767.0,0,0,0,4,2,3,5,6,7,9
6768.0,2,4,6,4,7,9,16,23,25,32
6770.0,0,6,6,1,3,5,8,16,18,21
6776.0,2,10,6,8,10,10,20,36,36,46
6781.0,9,10,10,8,5,2,7,42,39,44
6782.0,7,1,1,3,1,2,3,13,14,15
6788.0,10,10,10,5,9,4,13,44,39,48
6789.0,4,3,5,3,2,2,4,17,17,19
6790.0,6,8,8,6,8,8,16,36,36,44
6791.0,8,1,1,7,1,4,5,18,21,22
6792.0,8,9,9,9,7,4,11,42,39,46
6796.0,8,8,9,2,3,2,5,30,29,32
6799.0,10,9,10,10,4,2,6,43,41,45
6803.0,9,9,8,2,7,4,11,35,32,39
6804.0,3,9,7,4,10,10,20,33,33,43
6805.0,8,1,1,6,1,1,2,17,17,18
6806.0,4,2,3,6,2,5,7,17,20,22
6807.0,4,7,8,9,10,10,20,38,38,48
6811.0,5,10,9,8,5,7,12,37,39,44
6821.0,6,1,1,4,1,1,2,13,13,14
6823.0,0,5,6,1,0,4,4,12,16,16
6829.0,9,8,9,7,4,3,7,37,36,40
6830.0,9,8,8,3,6,4,10,34,32,38
6834.0,0,0,0,9,0,5,5,9,14,14
6835.0,7,8,7,9,7,7,14,38,38,45
6840.0,0,1,1,2,1,5,6,5,9,10
6841.0,0,1,1,10,1,1,2,13,13,14
6843.0,9,1,1,3,1,5,6,15,19,20
6846.0,9,1,1,7,1,1,2,19,19,20
6854.0,0,0,0,9,0,2,2,9,11,11
6855.0,10,10,10,10,8,3,11,48,43,51
6856.0,10,1,1,10,1,1,2,23,23,24
6859.0,9,1,1,6,1,2,3,18,19,20
6861.0,2,1,1,7,1,1,2,12,12,13
6863.0,8,1,1,9,1,3,4,20,22,23
6865.0,4,1,1,4,1,6,7,11,16,17
6869.0,7,1,1,4,1,6,7,14,19,20
6870.0,7,1,1,7,1,1,2,17,17,18
6873.0,7,10,9,2,6,4,10,34,32,38
6874.0,5,1,1,8,1,6,7,16,21,22
6877.0,3,1,1,2,1,1,2,8,8,9
6895.0,9,1,1,10,1,1,2,22,22,23
6901.0,10,1,1,10,1,1,2,23,23,24
6902.0,3,1,1,9,1,1,2,15,15,16
6922.0,8,1,1,7,1,1,2,18,18,19
6933.0,4,1,1,5,1,1,2,12,12,13
7402.0,4,6,8,9,2,2,4,29,29,31
7556.0,9,9,10,10,5,2,7,43,40,45
8011.0,3,0,0,1,0,6,6,4,10,10
8016.0,8,10,10,8,7,6,13,43,42,49
8021.0,2,4,5,5,0,7,7,16,23,23
8024.0,0,0,0,8,0,3,3,8,11,11
8027.0,0,2,2,1,2,2,4,7,7,9
8028.0,5,6,5,1,5,4,9,22,21,26
8032.0,1,4,5,7,6,10,16,23,27,33
8033.0,0,0,0,5,0,2,2,5,7,7
8034.0,7,5,7,9,5,5,10,33,33,38
8038.0,3,0,0,3,2,2,4,8,8,10
8039.0,4,6,6,3,5,8,13,24,27,32
8040.0,0,0,0,8,1,2,3,9,10,11
8042.0,2,1,1,3,1,7,8,8,14,15
8043.0,0,2,2,7,2,10,12,13,21,23
8044.0,0,0,0,2,0,10,10,2,12,12
8046.0,9,3,3,3,8,4,12,26,22,30
8047.0,0,0,0,10,0,8,8,10,18,18
8048.0,8,8,10,9,8,5,13,43,40,48
8049.0,9,9,10,9,10,5,15,47,42,52
8050.0,5,3,3,2,7,4,11,20,17,24
8054.0,0,0,0,8,0,2,2,8,10,10
8059.0,0,0,0,9,2,2,4,11,11,13
8064.0,2,4,3,5,6,8,14,20,22,28
8066.0,1,4,4,6,2,10,12,17,25,27
8067.0,0,0,0,5,0,4,4,5,9,9
8068.0,0,0,0,7,0,3,3,7,10,10
8069.0,10,8,10,5,4,2,6,37,35,39
8070.0,6,8,7,2,8,7,15,31,30,38
8071.0,1,2,2,4,0,10,10,9,19,19
8072.0,1,0,0,9,4,6,10,14,16,20
8074.0,3,4,4,5,10,7,17,26,23,33
8076.0,5,1,2,6,4,4,8,18,18,22
8077.0,4,0,0,1,0,8,8,5,13,13
8080.0,3,0,0,10,4,5,9,17,18,22
8081.0,9,9,10,8,8,4,12,44,40,48
8083.0,10,10,9,7,5,3,8,41,39,44
8084.0,0,0,0,2,1,2,3,3,4,5
8085.0,0,0,0,1,1,2,3,2,3,4
8086.0,0,4,7,7,0,2,2,18,20,20
8087.0,0,0,0,8,10,2,12,18,10,20
8088.0,7,7,8,10,9,6,15,41,38,47
8089.0,0,0,0,4,0,3,3,4,7,7
8091.0,9,6,7,4,8,5,13,34,31,39
8092.0,1,0,0,4,2,6,8,7,11,13
8093.0,0,0,0,8,0,5,5,8,13,13
8096.0,0,0,0,10,0,10,10,10,20,20
8097.0,0,0,0,9,1,1,2,10,10,11
8099.0,3,7,5,6,5,8,13,26,29,34
8101.0,0,0,0,5,0,6,6,5,11,11
8103.0,6,6,6,3,8,8,16,29,29,37
8104.0,0,2,2,2,0,8,8,6,14,14
8105.0,1,0,0,6,6,10,16,13,17,23
8107.0,0,1,1,1,0,6,6,3,9,9
8109.0,10,10,10,6,9,3,12,45,39,48
8110.0,0,2,2,3,0,8,8,7,15,15
8111.0,0,4,6,8,3,4,7,21,22,25
8112.0,2,9,5,4,6,10,16,26,30,36
8114.0,7,6,4,1,6,9,15,24,27,33
8121.0,0,0,0,1,0,6,6,1,7,7
8131.0,3,8,9,7,6,5,11,33,32,38
8147.0,5,2,3,10,4,4,8,24,24,28
8150.0,5,7,7,1,6,7,13,26,27,33
8155.0,4,9,9,10,3,5,8,35,37,40
8163.0,3,7,5,4,10,10,20,29,29,39
8171.0,0,0,0,9,2,4,6,11,13,15
8176.0,0,0,0,8,0,5,5,8,13,13
8182.0,2,4,5,3,2,8,10,16,22,24
8183.0,6,6,5,8,10,9,19,35,34,44
8201.0,0,0,0,7,0,5,5,7,12,12
8210.0,6,10,7,2,3,4,7,28,29,32
8213.0,5,7,6,9,10,10,20,37,37,47
8215.0,3,6,4,2,6,9,15,21,24,30
8222.0,3,0,0,2,2,3,5,7,8,10
8227.0,9,1,1,9,1,2,3,21,22,23
8234.0,4,4,3,6,5,8,13,22,25,30
8240.0,2,4,4,5,7,10,17,22,25,32
8249.0,6,4,7,10,7,7,14,34,34,41
8255.0,4,6,6,4,5,4,9,25,24,29
8261.0,6,6,6,10,4,3,7,32,31,35
8271.0,6,8,8,9,9,9,18,40,40,49
8277.0,0,0,0,4,0,3,3,4,7,7
8279.0,8,9,8,5,8,5,13,38,35,43
8284.0,6,9,10,10,9,8,17,44,43,52
8287.0,0,10,5,2,1,1,2,18,18,19
8289.0,5,1,2,6,8,7,15,22,21,29
8291.0,0,0,0,4,0,2,2,4,6,6
8299.0,4,9,10,6,2,5,7,31,34,36
8341.0,9,10,9,1,4,3,7,33,32,36
8342.0,6,9,8,6,8,6,14,37,35,43
8349.0,3,5,4,2,5,9,14,19,23,28
8354.0,0,2,2,6,4,5,9,14,15,19
8358.0,6,7,8,10,4,5,9,35,36,40
8367.0,8,5,4,1,8,6,14,26,24,32
8374.0,0,0,0,7,0,8,8,7,15,15
8383.0,5,3,4,8,4,6,10,24,26,30
8390.0,5,6,6,8,10,7,17,35,32,42
8401.0,5,3,4,6,9,9,18,27,27,36
8403.0,2,4,6,3,2,8,10,17,23,25
8404.0,0,5,4,2,0,7,7,11,18,18
8406.0,7,6,5,3,1,1,2,22,22,23
8409.0,0,0,0,8,0,3,3,8,11,11
8410.0,9,3,4,5,9,5,14,30,26,35
8411.0,2,0,0,2,3,10,13,7,14,17
8415.0,8,5,5,4,10,7,17,32,29,39
8416.0,9,10,10,9,9,4,13,47,42,51
8418.0,0,0,0,2,1,1,2,3,3,4
8420.0,9,7,6,4,0,8,8,26,34,34
8421.0,0,0,0,2,0,10,10,2,12,12
8422.0,10,10,9,1,7,3,10,37,33,40
8423.0,5,4,5,1,6,6,12,21,21,27
8424.0,9,9,9,9,8,5,13,44,41,49
8426.0,7,0,0,3,8,8,16,18,18,26
8427.0,0,0,0,8,1,1,2,9,9,10
8429.0,0,0,0,5,0,2,2,5,7,7
8431.0,3,0,0,6,2,4,6,11,13,15
8432.0,7,4,8,10,4,3,7,33,32,36
8433.0,8,8,8,4,10,7,17,38,35,45
8435.0,9,9,10,8,8,4,12,44,40,48
8436.0,7,7,9,6,6,5,11,35,34,40
8437.0,10,5,7,9,6,3,9,37,34,40
8438.0,2,3,4,4,4,10,14,17,23,27
8440.0,4,3,5,9,6,7,13,27,28,34
8442.0,5,3,2,5,10,9,19,25,24,34
8443.0,1,0,0,3,0,10,10,4,14,14
8444.0,0,0,0,1,0,9,9,1,10,10
8446.0,10,10,10,7,9,3,12,46,40,49
8450.0,0,0,0,2,0,3,3,2,5,5
8454.0,3,10,9,5,4,9,13,31,36,40
8455.0,0,1,1,4,0,10,10,6,16,16
8462.0,3,1,1,1,2,5,7,8,11,13
8463.0,4,1,1,1,4,9,13,11,16,20
8464.0,10,10,10,6,7,3,10,43,39,46
8466.0,0,3,3,1,0,8,8,7,15,15
8467.0,9,5,5,7,4,3,7,30,29,33
8472.0,0,0,0,4,0,7,7,4,11,11
8473.0,7,1,1,3,0,7,7,12,19,19
8476.0,10,0,0,7,10,4,14,27,21,31
8477.0,0,0,0,8,0,10,10,8,18,18
8478.0,10,5,4,2,8,3,11,29,24,32
8480.0,3,9,10,10,1,1,2,33,33,34
8481.0,8,10,10,10,5,4,9,43,42,47
8482.0,8,10,10,9,7,5,12,44,42,49
8488.0,1,0,0,8,0,10,10,9,19,19
8489.0,1,0,0,4,0,9,9,5,14,14
8497.0,0,9,8,1,1,1,2,19,19,20
8499.0,9,10,10,9,10,4,14,48,42,52
8905.0,7,3,3,6,9,7,16,28,26,35
8906.0,0,0,0,1,0,4,4,1,5,5
8908.0,5,9,7,3,4,5,9,28,29,33
8913.0,0,0,0,9,1,1,2,10,10,11
8916.0,6,7,6,6,9,8,17,34,33,42
8917.0,9,8,8,1,5,3,8,31,29,34
8921.0,0,2,3,6,1,1,2,12,12,13
8923.0,3,5,5,6,5,7,12,24,26,31
8924.0,6,10,10,7,10,6,16,43,39,49
8926.0,0,5,5,3,7,2,9,20,15,22
8927.0,2,2,2,2,2,5,7,10,13,15
8928.0,0,9,6,3,5,10,15,23,28,33
8929.0,0,0,0,6,0,7,7,6,13,13
8930.0,9,4,4,2,9,6,15,28,25,34
8931.0,7,6,5,1,7,5,12,26,24,31
8932.0,8,0,0,4,2,2,4,14,14,16
8933.0,0,0,0,6,0,9,9,6,15,15
8934.0,0,0,0,2,1,1,2,3,3,4
8935.0,0,0,0,4,0,7,7,4,11,11
8936.0,10,3,3,3,6,4,10,25,23,29
8937.0,0,0,0,3,4,2,6,7,5,9
8938.0,6,9,7,4,7,9,16,33,35,42
8940.0,5,0,0,1,6,7,13,12,13,19
8941.0,1,7,7,5,8,10,18,28,30,38
8942.0,10,9,9,5,10,5,15,43,38,48
8996.0,9,6,6,5,3,2,5,29,28,31
9802.0,7,8,7,6,9,7,16,37,35,44
9902.0,0,1,2,8,2,3,5,13,14,16
9904.0,2,4,4,3,9,10,19,22,23,32
9905.0,4,5,6,7,8,9,17,30,31,39
9906.0,9,0,0,5,10,7,17,24,21,31
9907.0,3,3,3,3,4,9,13,16,21,25
9908.0,9,5,8,3,8,3,11,33,28,36
9910.0,5,10,9,3,4,6,10,31,33,37
9911.0,8,10,10,7,8,6,14,43,41,49
9912.0,0,0,0,10,0,7,7,10,17,17
9914.0,7,9,8,4,5,6,11,33,34,39
9917.0,8,10,9,2,6,4,10,35,33,39
9918.0,8,6,6,2,5,3,8,27,25,30
9919.0,0,0,0,1,10,6,16,11,7,17
9921.0,5,9,7,4,6,9,15,31,34,40
9924.0,7,8,9,6,10,8,18,40,38,48
9925.0,7,6,9,7,7,6,13,36,35,42
9926.0,9,8,8,2,6,3,9,33,30,36
9927.0,7,5,7,7,10,8,18,36,34,44
9928.0,0,0,0,1,0,8,8,1,9,9
9929.0,0,0,0,1,3,5,8,4,6,9
9930.0,5,8,6,2,7,8,15,28,29,36
9931.0,8,6,5,2,4,3,7,25,24,28
9933.0,3,4,3,3,6,10,16,19,23,29
9934.0,2,0,0,2,9,10,19,13,14,23
9935.0,2,5,3,1,4,9,13,15,20,24
9937.0,2,9,6,3,5,9,14,25,29,34
9938.0,6,8,6,2,4,7,11,26,29,33
9939.0,7,7,5,3,7,7,14,29,29,36
9940.0,8,8,6,1,9,7,16,32,30,39
9941.0,9,9,3,9,8,5,13,38,35,43
9942.0,10,9,8,5,10,5,15,42,37,47
9943.0,10,8,8,4,8,3,11,38,33,41
9944.0,0,0,0,3,10,8,18,13,11,21
9945.0,9,8,6,2,7,3,10,32,28,35
9946.0,5,2,2,3,2,2,4,14,14,16
9949.0,0,0,0,7,0,3,3,7,10,10
9950.0,5,0,0,1,10,8,18,16,14,24
9951.0,5,8,8,8,10,8,18,39,37,47
9955.0,0,0,0,2,0,5,5,2,7,7
9958.0,6,3,2,1,2,4,6,14,16,18
9960.0,7,6,6,4,10,8,18,33,31,41
9962.0,3,2,2,10,10,10,20,27,27,37
