stockId,name,ReturnOfNetTangibleAssets_FirstQuartile,ONWR,LongDebtRatio,YoY,OperatingProfitMargin,ReturnOfEquity_FirstQuartile,GrossProfitRatio,AnnualizedReturn,SalesToPrice
1101,台泥,4,3,2,0,5,4,4,4,5
1102,亞泥,6,4,3,6,6,6,3,9,6
1103,嘉泥,3,2,2,5,0,2,2,2,2
1104,環泥,6,6,6,6,7,5,4,10,4
1108,幸福,3,10,3,8,7,3,4,10,6
1109,信大,7,3,9,8,8,5,5,10,8
1110,東泥,1,8,5,5,1,1,1,3,2
1201,味全,3,9,3,3,1,4,6,2,10
1203,味王,6,7,4,2,7,5,7,3,5
1210,大成,5,8,7,1,4,6,3,8,10
1213,大飲,0,9,1,0,0,0,0,0,7
1215,卜蜂,7,9,1,1,6,9,4,8,8
1216,統一,5,4,1,5,4,7,8,6,9
1217,愛之味,1,8,2,1,3,1,7,3,7
1218,泰山,6,6,9,3,0,6,3,10,8
1219,福壽,3,9,3,0,2,3,2,5,10
1220,台榮,4,9,6,8,3,3,2,4,9
1225,福懋油,5,9,3,3,2,5,1,3,9
1227,佳格,7,5,9,6,3,6,5,4,7
1229,聯華,8,2,7,5,7,5,5,4,2
1231,聯華食,7,9,2,2,5,9,5,4,5
1232,大統益,10,7,4,1,4,10,2,6,8
1233,天仁,4,7,4,0,4,3,10,4,6
1234,黑松,4,10,5,1,5,4,7,7,6
1235,興泰,4,8,5,10,0,2,4,1,1
1236,宏亞,1,6,4,8,1,1,7,2,8
1240,茂生農經,6,7,9,3,3,6,2,7,10
1256,鮮活果汁-KY,9,4,9,10,8,8,7,7,5
1259,安心,5,4,2,0,1,5,6,8,10
1264,德麥,10,8,9,8,9,9,8,7,5
1268,漢來美食,5,7,1,0,6,6,9,7,6
1301,台塑,6,6,4,4,0,5,1,1,5
1303,南亞,5,7,2,1,1,4,1,2,6
1304,台聚,2,6,3,2,3,2,2,3,10
1305,華夏,5,8,2,0,3,4,3,3,9
1307,三芳,3,4,3,5,6,3,6,8,8
1308,亞聚,7,5,7,5,8,5,4,5,7
1309,台達化,3,5,7,6,0,4,1,0,10
1310,台苯,0,6,8,7,0,0,0,0,9
1312,國喬,6,8,1,0,0,4,1,0,8
1313,聯成,0,4,3,9,0,0,1,0,10
1314,中石化,2,10,2,10,0,1,0,0,7
1315,達新,4,1,9,0,2,3,4,7,4
1316,上曜,0,8,8,8,0,0,4,0,6
1319,東陽,3,8,6,7,8,3,7,6,4
1321,大洋,1,8,1,1,0,1,1,2,7
1323,永裕,5,6,1,3,4,6,4,5,9
1324,地球,1,3,9,3,3,1,5,4,7
1325,恆大,3,2,9,5,0,2,1,2,2
1326,台化,4,4,4,2,0,3,1,1,8
1336,台翰,4,7,4,3,5,4,4,7,9
1337,再生-KY,0,3,9,9,0,0,0,0,4
1338,廣華-KY,4,7,5,3,1,3,5,0,10
1339,昭輝,4,8,5,7,8,3,7,8,5
1340,勝悅-KY,0,5,8,10,0,0,0,0,3
1341,富林-KY,9,8,9,7,7,10,5,9,8
1342,八貫,10,8,4,0,10,10,7,8,3
1402,遠東新,3,8,1,4,4,3,4,4,9
1409,新纖,3,7,4,5,1,4,1,3,10
1410,南染,7,3,4,3,0,4,6,2,2
1413,宏洲,0,10,1,9,0,0,0,0,10
1414,東和,2,8,4,6,0,1,1,1,2
1416,廣豐,0,1,3,8,0,0,8,6,2
1417,嘉裕,0,2,5,0,0,0,8,3,6
1418,東華,0,7,5,0,0,0,6,2,1
1419,新紡,5,2,6,0,6,4,7,6,3
1423,利華,2,1,6,7,0,1,0,4,1
1432,大魯閣,0,8,1,0,6,0,9,4,6
1434,福懋,6,2,3,0,1,3,2,3,7
1435,中福,0,3,4,0,0,0,10,0,1
1436,華友聯,3,10,2,9,6,6,10,2,5
1437,勤益控,5,6,4,1,10,5,10,10,2
1438,三地開發,0,10,1,0,6,0,4,0,2
1439,雋揚,0,7,5,0,1,0,8,6,3
1440,南紡,1,7,2,1,0,1,1,0,7
1441,大東,0,10,4,0,0,0,0,0,10
1442,名軒,2,10,4,10,10,2,9,7,2
1443,立益物流,0,10,1,7,10,0,9,6,2
1444,力麗,0,9,5,1,0,0,0,0,9
1445,大宇,0,6,7,0,2,0,3,3,5
1446,宏和,0,10,1,10,0,0,2,0,1
1447,力鵬,0,6,4,7,0,0,1,0,10
1449,佳和,0,9,1,10,0,0,3,3,10
1451,年興,0,5,7,0,0,0,0,0,10
1452,宏益,7,1,9,8,0,3,1,2,7
1453,大將,0,7,6,9,0,0,6,1,2
1454,台富,1,7,8,5,1,1,2,1,7
1455,集盛,0,9,4,9,0,0,0,0,9
1456,怡華,1,10,2,6,9,1,8,6,4
1457,宜進,2,10,1,7,4,2,1,2,7
1459,聯發,0,3,4,10,0,0,0,3,6
1460,宏遠,0,10,5,3,0,0,2,0,10
1463,強盛,4,5,7,1,0,2,1,5,2
1464,得力,1,8,2,4,0,1,3,1,10
1465,偉全,0,8,7,7,0,0,3,6,4
1466,聚隆,0,10,1,8,0,0,1,0,10
1467,南緯,0,5,2,5,0,0,4,0,10
1468,昶和,1,9,8,0,0,1,2,0,6
1470,大統新創,6,3,9,4,4,4,5,3,5
1471,首利,0,1,8,9,0,0,2,0,1
1472,三洋實業,0,2,7,10,4,0,3,4,5
1473,台南,0,5,7,0,3,0,4,9,10
1474,弘裕,3,9,3,9,0,2,2,0,10
1475,業旺,0,1,10,7,9,0,5,9,4
1476,儒鴻,10,9,10,5,9,10,7,3,3
1477,聚陽,9,9,9,3,8,10,6,5,4
1503,士電,5,9,7,4,5,5,4,4,5
1504,東元,6,2,4,2,7,4,6,7,6
1506,正道,0,3,8,0,4,0,4,3,3
1512,瑞利,0,9,1,0,0,0,5,0,6
1513,中興電,4,9,1,2,9,6,7,3,3
1514,亞力,6,9,5,4,5,7,4,3,4
1515,力山,4,5,8,10,2,5,3,1,6
1516,川飛,7,3,10,0,2,4,1,5,10
1517,利奇,1,3,7,0,0,1,1,0,9
1519,華城,4,9,5,10,9,6,7,2,1
1521,大億,3,9,7,2,3,4,3,3,9
1522,堤維西,2,10,1,4,5,3,6,9,9
1524,耿鼎,2,9,1,8,8,3,6,7,5
1525,江申,6,6,7,0,3,5,2,8,3
1526,日馳,7,9,1,0,5,8,7,9,8
1527,鑽全,7,10,10,3,7,7,5,8,6
1528,恩德,0,6,6,0,1,0,6,3,9
1529,樂事綠能,4,6,2,0,7,3,5,2,1
1530,亞崴,4,7,8,0,2,4,3,9,8
1531,高林股,0,6,7,6,0,0,3,2,8
1532,勤美,2,9,3,8,6,3,5,7,8
1533,車王電,2,7,1,0,0,2,4,0,6
1535,中宇,3,8,7,4,3,4,2,8,9
1536,和大,3,10,1,1,5,4,4,4,5
1537,廣隆,10,4,6,5,7,10,4,6,6
1538,正峰,0,1,6,0,0,0,2,0,2
1539,巨庭,2,8,4,9,3,2,2,3,9
1540,喬福,1,1,9,0,8,1,6,7,4
1541,錩泰,5,10,4,6,5,7,4,0,9
1558,伸興,6,4,5,6,4,6,6,4,8
1560,中砂,7,7,5,3,8,8,7,3,2
1565,精華,9,6,7,4,7,9,5,8,5
1568,倉佑,1,4,4,4,9,2,8,10,6
1569,濱川,2,9,7,0,0,2,2,0,9
1570,力肯,9,2,8,6,2,7,5,4,5
1580,新麥,9,5,8,8,9,9,9,9,6
1582,信錦,5,3,7,7,5,5,5,6,8
1583,程泰,4,6,5,2,6,4,5,9,7
1584,精剛,0,9,3,6,4,0,3,5,3
1586,和勤,2,9,1,9,0,2,2,0,7
1587,吉茂,3,7,4,1,2,4,5,4,9
1589,永冠-KY,0,9,1,3,1,0,4,0,9
1590,0,8,8,9,9,10,9,9,1,1
1591,駿吉-KY,5,8,8,8,0,5,0,0,4
1593,祺驊,9,4,4,5,6,9,7,5,5
1595,川寶,3,4,6,0,3,2,6,4,8
1597,直得,7,6,2,0,7,7,9,4,3
1598,岱宇,0,7,2,0,0,1,8,0,9
1599,宏佳騰,8,5,5,7,0,6,4,4,9
1603,華電,4,6,6,9,7,4,3,7,5
1604,聲寶,6,9,4,1,5,6,5,8,7
1605,華新,5,8,2,0,3,5,2,4,9
1608,華榮,2,7,6,4,3,1,1,8,7
1609,大亞,4,5,1,6,4,5,3,10,8
1611,中電,3,4,8,3,2,2,6,3,3
1612,宏泰,5,3,8,0,6,3,3,8,7
1614,三洋電,5,8,6,0,4,4,5,4,6
1615,大山,8,8,7,7,7,9,3,8,5
1616,億泰,0,10,7,4,5,0,2,8,9
1617,榮星,5,5,5,9,0,4,2,3,9
1618,合機,3,4,10,8,5,2,2,6,5
1626,艾美特-KY,0,8,8,5,1,0,5,0,10
1701,中化,4,9,4,4,2,5,8,5,9
1702,南僑,5,4,1,5,4,5,6,6,9
1707,葡萄王,9,5,9,4,9,9,10,8,5
1708,東鹼,3,9,3,2,0,3,2,0,8
1709,和益,4,7,5,2,3,4,3,6,8
1710,東聯,0,5,2,6,0,0,1,7,9
1711,永光,3,8,5,5,1,3,5,2,7
1712,興農,5,8,5,0,5,7,6,8,9
1713,國化,5,8,7,8,0,3,1,6,1
1714,和桐,2,3,4,2,3,2,2,7,10
1717,長興,5,9,1,8,3,6,4,5,9
1718,中纖,0,7,8,4,1,0,1,0,10
1720,生達,7,6,7,5,9,7,9,9,5
1721,三晃,0,9,3,3,0,0,0,0,8
1722,台肥,4,9,1,3,9,4,7,8,3
1723,中碳,8,9,5,0,9,9,6,7,4
1725,元禎,8,1,9,6,2,4,1,6,10
1726,永記,7,7,9,4,6,6,6,8,7
1727,中華化,2,10,5,0,1,2,2,4,7
1730,花仙子,9,4,9,1,7,9,9,7,7
1731,美吾華,5,9,4,8,8,4,10,6,4
1732,毛寶,3,4,7,5,0,2,8,0,4
1733,五鼎,6,8,7,6,5,5,7,5,6
1734,杏輝,0,8,2,6,5,0,8,6,5
1735,日勝化,2,9,4,9,2,2,4,5,9
1736,喬山,2,8,2,2,0,3,9,3,9
1737,臺鹽,6,7,6,1,7,4,8,7,5
1742,台蠟,0,10,8,0,4,0,7,0,3
1752,南光,6,8,8,6,8,6,8,9,4
1760,寶齡富錦,4,9,6,8,5,4,10,0,3
1762,中化生,7,10,3,0,8,8,8,9,5
1773,勝一,9,10,2,5,9,10,7,5,4
1776,展宇,2,4,4,1,0,1,3,2,9
1777,生泰,8,6,8,0,10,8,8,8,3
1781,合世,0,5,7,9,0,0,4,0,9
1783,和康生,6,2,10,4,10,5,10,5,2
1784,訊聯,2,2,4,7,6,1,10,3,4
1785,光洋科,5,8,2,9,4,7,2,6,8
1786,科妍,7,4,3,9,10,6,10,4,2
1788,杏昌,7,9,5,2,6,9,6,7,7
1789,神隆,4,4,7,3,4,2,8,2,2
1795,美時,7,2,1,0,10,6,10,6,2
1796,金穎生技,0,9,5,0,9,0,8,6,3
1799,易威,0,3,1,0,0,0,10,0,1
1802,台玻,0,9,6,7,0,0,2,0,7
1805,寶徠,0,8,6,0,0,0,1,0,2
1806,冠軍,0,7,7,10,4,0,6,0,7
1808,潤隆,3,9,4,0,10,6,8,10,1
1809,中釉,0,6,6,9,0,0,3,0,7
1810,和成,1,5,6,7,0,1,6,0,8
1813,寶利徠,0,6,9,5,0,0,1,0,4
1815,富喬,0,8,1,0,0,0,1,0,6
1817,凱撒衛,8,8,5,9,6,8,8,9,8
1903,士紙,0,6,2,1,0,0,9,1,1
1904,正隆,4,9,1,5,3,6,4,3,9
1905,華紙,0,9,6,5,0,0,1,0,8
1906,寶隆,5,1,7,6,0,2,2,2,10
1907,永豐餘,3,5,3,7,0,3,3,3,9
1909,榮成,1,10,1,6,0,1,2,0,10
2002,中鋼,1,9,2,4,1,1,1,0,8
2006,東和鋼鐵,4,10,8,8,6,5,3,9,8
2007,燁興,0,10,1,2,0,0,0,0,9
2008,高興昌,0,5,1,0,4,0,3,10,5
2009,第一銅,1,2,8,8,0,1,0,1,3
2010,春源,3,10,6,7,3,2,2,8,10
2012,春雨,4,5,1,4,4,5,3,4,9
2013,中鋼構,2,10,6,0,2,3,1,5,10
2014,中鴻,0,10,2,4,0,0,1,0,9
2015,豐興,8,9,9,8,5,8,2,7,8
2017,官田鋼,0,6,3,1,0,0,0,0,5
2020,美亞,6,8,4,7,5,7,2,10,8
2022,聚亨,0,8,8,7,2,0,2,0,10
2023,燁輝,0,9,1,5,2,0,2,0,10
2024,志聯,1,10,3,8,0,1,1,0,6
2025,千興,0,5,10,10,0,0,0,10,5
2027,大成鋼,3,8,2,0,6,3,5,7,9
2028,威致,6,10,3,7,3,8,1,5,9
2029,盛餘,2,5,10,7,4,1,2,7,9
2030,彰源,3,9,1,6,2,4,1,2,10
2031,新光鋼,3,6,3,8,4,3,2,9,8
2032,新鋼,2,9,6,2,0,1,1,0,9
2033,佳大,0,8,9,7,0,0,2,0,6
2034,允強,5,8,4,0,3,5,2,0,9
2035,唐榮,0,10,1,4,0,0,0,0,9
2038,海光,0,9,4,8,1,0,1,3,10
2049,上銀,5,8,4,5,7,6,8,3,4
2059,0,10,1,5,8,10,9,10,1,1
2061,風青,0,7,8,8,0,0,1,0,9
2062,橋椿,1,9,3,10,3,2,2,5,9
2063,世鎧,8,6,6,1,9,10,7,10,6
2064,晉椿,0,8,8,5,0,0,0,0,10
2065,世豐,8,6,5,1,7,8,5,10,7
2066,世德,6,4,2,1,7,8,8,10,7
2067,嘉鋼,0,10,1,3,0,0,3,0,10
2069,運錩,0,10,5,0,0,0,1,0,10
2070,精湛,0,3,5,8,6,0,10,6,5
2073,雄順,1,9,2,8,2,1,3,1,7
2101,南港,0,10,1,6,3,0,4,0,2
2102,泰豐,0,9,1,0,0,0,0,0,2
2103,台橡,3,6,4,4,2,3,2,3,10
2104,國際中橡,2,5,4,2,0,2,2,0,9
2105,正新,3,6,2,7,6,4,6,5,6
2106,建大,2,8,1,3,2,2,4,0,9
2107,厚生,7,2,9,1,8,4,7,9,3
2108,南帝,10,1,8,4,6,9,5,5,6
2109,華豐,2,4,7,6,4,1,4,9,9
2114,鑫永銓,10,2,5,4,10,9,9,7,2
2115,六暉-KY,7,7,4,9,4,7,5,8,8
2201,裕隆,0,10,6,3,7,0,8,2,8
2204,中華,0,8,9,8,4,0,3,2,5
2206,三陽工業,5,8,2,7,6,7,5,10,8
2207,和泰車,4,10,6,7,1,7,1,3,6
2208,台船,0,10,1,0,0,0,0,0,9
2211,長榮鋼,10,1,5,8,10,6,8,9,3
2221,大甲,7,9,5,1,6,7,4,9,8
2227,裕日車,9,8,6,6,1,9,3,3,5
2228,劍麟,6,6,5,5,6,5,6,8,6
2230,泰茂,0,3,3,10,8,0,7,1,1
2231,為升,7,7,2,3,8,7,9,4,2
2233,宇隆,8,6,5,7,8,8,7,8,5
2235,謚源,5,8,6,5,7,4,6,4,5
2236,百達-KY,4,5,3,3,4,3,7,4,5
2239,英利-KY,2,9,3,2,2,2,3,4,10
2241,艾姆勒,0,10,1,4,0,0,0,0,2
2243,宏旭-KY,0,10,5,0,0,0,1,0,9
2247,汎德永業,8,6,4,7,3,7,2,9,10
2250,IKKA-KY,4,5,4,6,3,5,4,5,9
2254,巨鎧精密-創,1,10,1,9,0,1,7,1,2
2258,0,1,1,8,10,0,1,4,1,1
2301,光寶科,7,2,8,0,6,8,5,7,6
2302,麗正,2,8,8,1,6,2,8,4,3
2303,聯電,5,4,3,0,10,4,8,10,5
2305,全友,0,3,4,10,0,0,7,0,2
2308,台達電,8,4,3,2,6,9,7,5,5
2312,金寶,1,8,3,0,2,1,1,4,10
2313,華通,7,8,3,4,4,9,3,7,7
2314,台揚,0,6,4,0,0,0,3,0,5
2316,楠梓電,4,9,3,4,0,5,0,3,7
2317,鴻海,5,4,5,0,2,6,1,10,10
2321,東訊,0,2,1,0,0,0,6,0,10
2323,中環,0,2,6,3,0,0,5,9,6
2324,仁寶,3,8,7,1,1,5,1,5,10
2327,國巨,9,1,3,4,9,10,8,8,5
2328,廣宇,7,4,9,0,4,5,2,9,9
2329,華泰,1,5,4,7,6,1,4,5,5
2330,台積電,10,5,3,2,10,10,10,6,2
2331,精英,1,2,8,0,2,1,3,5,10
2332,友訊,0,5,6,0,2,0,6,8,9
2337,旺宏,8,7,2,0,0,9,6,0,7
2338,光罩,6,4,1,7,6,5,6,6,5
2340,台亞,7,5,5,4,2,5,5,2,3
2342,茂矽,0,2,4,0,0,0,1,0,4
2344,華邦電,2,7,1,5,0,2,7,0,7
2345,智邦,10,4,7,0,7,10,5,3,3
2347,聯強,6,5,5,7,2,8,1,8,10
2348,海悅,7,7,1,10,10,10,9,10,5
2349,錸德,0,4,2,1,0,0,4,0,9
2351,順德,5,10,3,2,6,6,4,5,6
2352,佳世達,4,6,3,1,2,6,3,4,10
2353,宏碁,3,3,5,3,1,4,2,3,10
2354,鴻準,8,1,9,0,2,3,1,7,9
2355,敬鵬,2,6,7,3,3,1,3,5,8
2356,英業達,4,8,7,4,1,7,1,3,10
2357,華碩,3,4,7,6,2,3,3,3,9
2358,廷鑫,1,9,1,0,0,1,0,0,10
2359,所羅門,5,2,9,0,2,3,5,9,7
2360,致茂,8,7,6,1,10,9,10,5,3
2362,藍天,2,9,1,3,5,2,5,4,7
2363,矽統,0,1,10,8,0,0,6,2,1
2364,倫飛,0,6,9,5,4,0,8,4,3
2365,昆盈,3,3,6,8,2,2,8,2,2
2367,燿華,0,10,2,5,0,0,2,0,9
2368,金像電,4,7,5,8,8,6,6,3,3
2369,菱生,0,7,5,4,0,0,1,0,6
2371,大同,0,7,1,0,3,0,4,2,4
2373,震旦行,8,4,2,3,5,9,9,8,7
2374,佳能,0,3,9,7,1,0,6,3,7
2375,凱美,6,3,8,8,3,4,3,6,7
2376,技嘉,8,3,5,9,3,7,3,3,5
2377,微星,8,6,9,5,4,10,3,5,8
2379,瑞昱,10,1,7,8,5,10,9,4,5
2380,虹光,0,7,5,10,0,0,5,0,10
2382,廣達,4,5,9,0,3,8,2,5,9
2383,台光電,9,7,6,9,9,10,6,3,3
2385,群光,7,5,9,2,6,10,4,7,8
2387,精元,3,5,7,8,5,3,3,10,10
2388,威盛,1,1,5,7,0,1,6,1,2
2390,云辰,0,3,10,2,0,0,6,0,2
2392,正崴,2,7,2,1,2,3,3,7,10
2393,億光,4,6,8,3,6,4,7,7,8
2395,研華,10,3,6,0,9,10,9,4,2
2397,友通,6,6,4,0,3,6,5,7,10
2399,映泰,0,2,9,3,0,0,2,0,5
2401,凌陽,0,2,5,7,0,0,9,0,4
2402,毅嘉,4,6,8,3,4,3,3,5,7
2404,漢唐,10,5,9,0,6,10,2,10,8
2405,輔信,0,3,7,1,0,0,9,0,3
2406,國碩,0,6,3,8,0,0,0,0,8
2408,南亞科,6,4,8,6,0,4,0,0,3
2409,友達,0,6,1,3,0,0,1,0,9
2412,中華電,7,7,4,1,9,6,8,5,3
2413,環科,0,7,4,4,2,0,3,8,9
2414,精技,5,9,8,2,2,7,2,8,10
2415,錩新,0,1,6,6,2,1,6,0,8
2417,圓剛,0,3,8,5,0,0,10,0,7
2419,仲琦,3,6,7,0,2,3,5,2,9
2420,新巨,8,8,3,2,10,9,9,9,4
2421,建準,7,5,6,7,7,9,7,4,4
2423,固緯,8,7,7,0,8,7,10,8,5
2424,隴華,0,5,2,8,0,0,0,0,1
2425,承啟,6,3,9,6,3,5,2,5,9
2426,鼎元,0,5,5,5,0,0,2,0,4
2427,三商電,4,9,3,4,4,4,8,5,7
2428,興勤,10,4,3,2,9,9,8,7,4
2429,銘旺科,0,6,2,0,0,0,2,0,5
2430,燦坤,3,9,1,0,2,4,3,8,10
2431,聯昌,0,1,9,1,0,0,0,0,7
2432,倚天酷碁-創,1,1,9,10,3,1,3,1,1
2433,互盛電,9,2,3,0,8,8,8,8,4
2434,統懋,0,9,4,3,0,0,1,0,1
2436,偉詮電,8,1,2,8,0,4,6,2,3
2438,翔耀,0,6,9,10,0,0,0,0,2
2439,美律,6,5,5,5,2,7,3,6,9
2440,太空梭,0,6,7,10,0,0,1,0,9
2441,超豐,9,7,9,6,8,8,5,7,5
2442,新美齊,2,9,8,10,5,3,6,4,1
2443,昶虹,0,1,9,9,0,0,9,10,1
2444,兆勁,0,7,1,1,0,0,2,4,9
2449,京元電子,7,6,1,2,9,8,8,7,4
2450,神腦,6,6,7,0,1,6,2,9,10
2451,創見,9,2,9,6,8,6,6,5,4
2453,凌群,5,6,8,1,3,5,6,6,8
2454,聯發科,10,2,7,9,8,6,9,6,4
2455,全新,9,8,4,10,8,9,9,2,1
2457,飛宏,0,3,4,3,3,0,6,2,6
2458,義隆,10,3,5,4,9,10,9,4,3
2459,敦吉,8,2,6,0,6,7,4,9,8
2460,建通,0,7,4,9,0,0,1,0,6
2461,光群雷,2,7,5,0,1,2,5,6,9
2462,良得電,4,9,4,6,4,4,3,8,8
2464,盟立,6,9,6,0,1,8,4,1,9
2465,麗臺,0,7,7,8,0,0,3,0,6
2466,冠西電,1,8,1,7,0,1,4,0,2
2467,志聖,8,4,3,3,6,9,9,4,4
2468,華經,4,9,10,5,3,3,2,4,9
2471,資通,10,1,6,0,5,7,8,8,3
2472,立隆電,6,6,9,6,8,7,7,9,8
2474,可成,9,1,8,2,6,5,7,9,2
2476,鉅祥,7,2,6,5,7,5,7,6,5
2477,美隆電,3,2,3,5,0,3,3,0,8
2478,大毅,7,6,6,6,6,7,5,7,7
2480,敦陽科,9,7,9,1,7,9,6,7,5
2481,強茂,5,6,3,4,5,6,6,4,6
2482,連宇,0,2,8,0,9,0,9,10,5
2483,百容,4,6,4,3,0,3,3,3,7
2484,希華,6,5,5,0,7,5,7,8,6
2485,兆赫,0,7,9,0,0,0,2,2,8
2486,一詮,0,6,3,6,2,0,3,2,5
2488,漢平,9,2,5,2,8,7,6,10,8
2489,瑞軒,0,3,8,7,0,0,2,0,9
2491,吉祥全,0,1,8,8,0,0,5,3,1
2492,華新科,7,3,4,4,3,7,4,4,6
2493,揚博,9,2,8,1,10,8,8,8,4
2495,普安,5,1,9,0,8,2,10,7,3
2496,卓越,8,1,7,5,8,6,10,9,6
2497,怡利電,0,8,3,3,4,0,5,5,5
2498,宏達電,0,3,3,1,0,0,9,0,1
2501,國建,3,9,1,9,7,4,6,9,7
2504,國產,5,7,3,7,9,4,5,9,6
2505,國揚,1,8,10,0,0,1,8,2,5
2506,太設,0,5,6,10,7,0,10,0,3
2509,全坤建,0,8,4,3,0,0,7,0,1
2511,太子,3,3,2,0,4,3,7,6,6
2514,龍邦,2,7,4,10,3,2,2,9,10
2515,中工,2,7,3,8,3,2,2,4,7
2516,新建,0,8,9,4,2,0,1,0,10
2520,冠德,4,6,5,5,9,7,7,10,8
2524,京城,4,10,2,10,10,5,9,8,3
2527,宏璟,4,5,5,10,8,4,7,8,2
2528,皇普,0,10,3,0,9,0,6,3,1
2530,華建,0,10,6,10,0,0,10,2,1
2534,宏盛,3,10,5,0,10,5,9,10,7
2535,達欣工,5,5,3,5,5,7,3,10,9
2536,宏普,0,10,5,10,8,0,10,0,1
2537,聯上發,0,10,4,10,5,0,6,0,5
2538,基泰,0,7,10,0,1,0,10,8,1
2539,櫻花建,4,10,5,0,10,7,9,3,2
2540,愛山林,3,10,6,10,10,5,8,3,2
2542,興富發,3,10,5,0,10,6,8,8,3
2543,皇昌,1,9,7,8,4,2,2,6,9
2545,皇翔,2,10,2,3,6,3,8,2,5
2546,根基,7,2,9,5,5,9,2,10,9
2547,日勝生,1,8,1,6,8,1,9,0,7
2548,華固,5,10,6,0,10,7,8,9,5
2596,綠意,2,8,10,10,4,2,4,1,1
2597,潤弘,8,5,2,8,6,9,3,9,8
2601,益航,0,9,1,0,2,0,10,0,7
2603,長榮,2,4,2,2,8,2,5,10,10
2605,新興,1,4,6,2,6,1,4,5,3
2606,裕民,4,4,1,8,8,4,5,7,4
2607,榮運,4,6,3,7,8,3,6,9,5
2608,嘉里大榮,6,10,1,6,7,8,4,10,7
2609,陽明,0,2,3,2,1,0,1,10,10
2610,華航,1,8,1,2,4,1,3,6,9
2611,志信,0,1,4,9,0,0,5,10,3
2612,中航,3,6,1,2,5,3,5,7,5
2613,中櫃,1,10,1,4,5,1,3,3,8
2614,東森,0,8,1,1,0,0,7,0,8
2615,萬海,5,3,2,0,0,6,0,0,10
2616,山隆,5,4,3,2,1,4,2,4,10
2617,台航,5,10,1,2,10,5,8,10,3
2618,長榮航,1,6,1,3,8,1,5,10,7
2630,亞航,1,10,6,1,1,2,1,1,6
2633,台灣高鐵,9,1,1,0,10,5,9,5,3
2634,漢翔,3,10,4,5,5,4,2,6,7
2636,台驊投控,8,2,8,6,4,8,5,10,10
2637,慧洋-KY,3,10,1,4,8,5,4,9,6
2640,大車隊,9,4,3,4,9,9,9,7,4
2641,正德,3,9,2,8,10,4,9,10,3
2642,宅配通,6,4,2,1,2,5,3,3,9
2643,捷迅,9,3,5,3,5,9,3,9,10
2645,長榮航太,1,6,2,5,7,1,4,1,4
2701,萬企,4,2,4,0,10,2,10,4,1
2702,華園,0,2,1,0,4,0,10,10,5
2704,國賓,1,1,4,0,0,1,7,10,1
2705,六福,0,10,1,0,0,0,7,0,5
2706,第一店,3,3,4,2,10,2,10,4,1
2707,晶華,9,4,1,0,10,10,8,6,2
2712,遠雄來,0,10,4,0,7,0,7,2,2
2718,晶悅,0,3,7,10,10,0,9,10,1
2719,燦星旅,0,1,5,10,0,0,2,0,1
2722,夏都,3,6,6,0,8,2,9,2,2
2723,美食-KY,5,5,3,0,4,5,10,6,8
2724,藝舍-KY,0,3,1,10,0,0,9,0,1
2726,雅茗-KY,0,3,1,0,0,0,10,0,8
2727,王品,2,4,2,0,5,2,9,7,7
2729,瓦城,5,10,2,0,7,6,10,6,5
2731,雄獅,0,2,5,7,3,0,3,4,4
2732,六角,6,3,3,1,6,6,9,7,7
2734,易飛網,0,3,3,9,2,0,3,1,4
2736,富野,0,8,1,0,0,0,10,1,4
2739,寒舍,0,10,1,1,7,0,8,7,6
2740,0,0,1,6,0,0,0,9,1,1
2743,山富,0,3,9,9,5,0,3,7,2
2745,五福,0,5,10,10,3,0,3,8,3
2748,雲品,3,6,2,2,7,5,7,4,3
2752,豆府,10,2,3,0,8,10,10,7,4
2753,八方雲集,9,6,3,4,6,10,8,7,6
2754,亞洲藏壽司,2,10,1,1,5,2,9,6,7
2755,揚秦,9,3,3,5,5,9,6,4,6
2756,聯發國際,10,3,4,5,9,10,10,7,4
2762,0,1,9,1,3,4,1,3,1,1
2801,彰銀,1,10,10,5,1,4,1,8,2
2809,京城銀,2,10,10,3,1,5,1,10,2
2812,台中銀,1,10,10,4,1,6,1,9,2
2816,旺旺保,3,7,10,4,1,5,1,9,9
2820,華票,1,10,10,8,1,4,1,7,1
2832,台產,4,8,10,4,1,5,1,10,6
2834,臺企銀,1,10,10,4,1,4,1,10,3
2836,高雄銀,1,10,10,2,1,4,1,7,3
2838,聯邦銀,1,10,10,2,1,5,1,10,3
2845,遠東銀,1,10,10,3,1,5,1,10,3
2849,安泰銀,1,10,10,3,1,5,1,1,2
2850,新產,6,6,10,3,1,8,1,10,7
2851,中再保,5,5,10,3,1,6,1,10,9
2852,第一保,3,10,10,2,1,4,1,10,9
2855,統一證,4,3,10,10,10,4,1,10,3
2867,三商壽,0,10,10,4,1,0,1,0,10
2880,華南金,1,10,10,5,1,6,1,8,2
2881,富邦金,1,10,10,10,1,6,1,4,3
2882,國泰金,1,10,10,5,1,5,1,8,5
2883,開發金,1,10,10,2,1,3,1,8,5
2884,玉山金,1,10,10,2,1,7,1,6,2
2885,元大金,2,10,10,6,1,6,1,9,3
2886,兆豐金,1,10,10,5,1,6,1,7,2
2887,台新金,2,10,10,5,1,6,1,9,4
2888,新光金,1,10,10,9,1,2,1,0,6
2889,國票金,2,10,10,6,1,4,1,5,2
2890,永豐金,1,10,10,7,1,6,1,9,2
2891,中信金,1,10,10,10,1,7,1,9,3
2892,第一金,1,10,10,2,1,6,1,8,2
2897,王道銀行,1,10,10,7,1,2,1,10,5
2901,欣欣,3,3,6,1,9,2,10,2,1
2903,遠百,2,7,1,0,8,3,10,9,8
2904,匯僑,6,9,2,0,8,7,7,7,4
2905,三商,0,1,1,0,1,0,1,0,10
2906,高林,2,6,3,3,4,1,7,2,10
2908,特力,2,9,1,2,1,3,6,2,10
2910,統領,3,9,1,4,10,3,10,4,2
2911,麗嬰房,0,9,3,0,0,0,9,0,10
2912,統一超,6,6,1,1,3,10,8,4,8
2913,農林,0,10,1,0,0,0,8,0,1
2915,潤泰全,8,7,4,0,2,8,8,9,1
2916,滿心,7,9,8,0,7,7,10,9,6
2923,鼎固-KY,0,9,1,3,10,0,10,1,3
2924,宏太-KY,0,6,9,0,0,0,8,0,1
2926,誠品生活,0,9,1,1,0,0,8,0,10
2929,淘帝-KY,0,1,6,0,0,0,4,0,10
2937,集雅社,6,9,9,5,2,8,6,10,10
2939,凱羿-KY,0,1,8,8,0,0,6,0,6
2945,三商家購,2,9,2,0,1,3,6,4,10
2947,振宇五金,3,9,1,3,3,5,8,3,9
2949,0,1,3,10,3,4,1,3,1,1
3002,歐格,0,1,3,6,0,0,5,2,5
3003,健和興,9,3,5,1,8,7,7,6,5
3004,豐達科,0,10,1,6,6,0,6,7,5
3005,神基,8,5,5,5,7,8,6,8,5
3006,晶豪科,6,5,7,6,0,5,1,0,6
3008,0,10,1,10,6,10,9,9,1,1
3010,華立,5,9,4,7,3,7,2,9,10
3011,今皓,0,7,7,6,0,0,3,0,4
3013,晟銘電,2,9,3,5,2,2,2,3,7
3014,聯陽,10,1,8,7,10,9,10,7,2
3015,全漢,3,2,8,0,3,2,4,8,9
3016,嘉晶,2,4,4,0,3,1,2,2,4
3017,奇鋐,4,4,4,9,7,7,5,3,3
3018,隆銘綠能,0,9,2,0,0,0,1,0,10
3019,亞光,7,2,9,6,4,4,4,4,8
3021,鴻名,6,5,8,3,4,7,4,8,10
3022,威強電,8,4,6,1,8,7,8,10,6
3023,信邦,8,8,7,0,6,10,6,6,5
3024,憶聲,3,6,7,0,5,2,6,3,3
3025,星通,5,3,6,8,9,4,10,4,2
3026,禾伸堂,8,7,4,3,5,7,4,7,8
3027,盛達,2,3,7,10,1,2,5,3,3
3028,增你強,3,9,9,8,2,6,1,8,10
3029,零壹,8,5,10,2,4,9,2,7,9
3030,德律,10,9,8,9,10,10,10,8,4
3031,佰鴻,7,3,8,9,4,4,6,6,5
3032,偉訓,5,5,10,6,6,6,5,8,7
3033,威健,3,10,6,8,2,6,1,8,10
3034,聯詠,10,2,4,4,10,10,9,8,4
3035,智原,8,1,8,0,8,5,9,2,2
3036,文曄,4,9,8,7,1,7,1,3,10
3037,欣興,4,5,1,0,6,5,5,7,5
3038,全台,8,2,4,0,6,8,5,9,8
3040,遠見,10,1,7,0,10,5,10,3,1
3041,揚智,0,3,10,9,0,0,5,0,5
3042,晶技,7,5,4,6,8,7,8,7,5
3043,科風,0,7,9,0,5,0,5,7,8
3044,健鼎,8,5,7,6,6,9,4,7,6
3045,台灣大,9,2,1,3,6,9,4,3,5
3046,建碁,0,6,8,10,2,0,2,5,7
3047,訊舟,0,7,2,0,0,1,6,2,9
3048,益登,3,9,8,5,1,7,1,1,10
3049,精金,3,6,2,0,0,2,0,0,3
3050,鈺德,4,5,1,3,7,3,9,6,5
3051,力特,0,10,1,0,3,0,5,2,5
3052,夆典,2,10,6,4,5,3,2,9,8
3054,立萬利,0,2,10,10,0,0,9,0,1
3055,蔚華科,0,1,6,0,0,0,3,3,3
3056,富華新,4,6,5,0,10,5,9,10,7
3057,喬鼎,0,4,6,3,0,0,8,0,7
3058,立德,0,8,3,1,0,0,3,2,9
3059,華晶科,3,2,5,0,3,2,6,4,9
3060,銘異,0,7,6,6,0,0,1,0,8
3062,建漢,0,4,6,0,0,0,0,0,7
3064,泰偉,0,5,8,10,0,0,10,0,2
3066,李洲,2,5,6,4,0,2,0,5,2
3067,全域,0,2,5,1,8,0,8,3,2
3071,協禧,8,3,6,1,3,8,7,5,7
3073,天方能源,0,7,1,0,0,0,9,1,1
3078,僑威,9,4,7,8,9,8,6,9,4
3081,聯亞,7,5,6,2,0,5,2,0,2
3083,網龍,0,7,10,0,0,0,10,0,1
3085,新零售,0,3,8,0,0,0,5,0,6
3086,華義,0,1,10,9,6,0,10,1,1
3088,艾訊,8,6,3,3,7,9,8,10,7
3089,0,0,6,4,8,10,0,1,1,1
3090,日電貿,8,5,9,6,5,9,3,7,8
3092,鴻碩,1,7,2,4,0,1,3,0,8
3093,港建*,9,2,9,0,9,7,8,9,6
3094,聯傑,8,1,6,0,5,3,10,2,1
3095,及成,0,9,1,9,0,0,5,0,9
3105,穩懋,7,8,2,9,0,7,4,0,3
3114,好德,7,2,9,5,3,7,2,6,10
3115,富榮綱,0,1,10,0,0,0,8,0,1
3118,進階,8,2,9,8,6,7,8,7,6
3122,笙泉,0,2,10,8,0,0,7,0,3
3128,昇銳,3,9,2,0,4,3,7,5,7
3130,一零四,10,1,9,4,10,10,10,7,3
3131,弘塑,9,3,4,5,9,8,9,4,2
3138,耀登,9,3,2,0,7,10,9,6,3
3141,晶宏,7,4,9,0,6,5,8,2,4
3147,大綜,7,7,10,9,5,10,4,8,8
3149,正達,0,9,2,7,0,0,1,0,6
3152,璟德,9,10,8,7,9,9,8,2,1
3162,精確,0,9,3,6,0,0,2,2,5
3163,波若威,7,1,9,4,5,6,4,8,5
3164,景岳,5,7,8,7,1,3,10,3,2
3167,大量,6,7,2,6,0,7,5,0,5
3169,亞信,10,1,10,6,10,9,10,4,2
3171,新洲,6,6,9,4,6,8,7,10,8
3176,基亞,0,2,6,5,0,0,10,0,2
3178,公準,5,8,2,4,9,6,7,6,4
3188,鑫龍騰,2,10,3,10,8,3,7,5,4
3189,景碩,0,5,1,2,1,0,5,2,7
3191,0,0,2,1,7,0,0,6,1,1
3202,樺晟,0,8,6,7,0,0,3,0,10
3205,佰研,0,2,9,7,0,0,4,0,4
3206,志豐,7,4,7,3,6,9,5,10,9
3207,耀勝,0,4,5,0,6,0,7,4,3
3209,全科,4,10,8,0,2,8,1,9,10
3211,順達,6,5,3,0,3,7,2,7,9
3213,茂訊,9,4,6,7,8,9,6,9,6
3217,優群,10,2,8,6,10,10,9,5,2
3218,大學光,9,5,4,2,10,9,10,5,2
3219,倚強科,0,2,5,0,2,0,10,3,5
3221,台嘉碩,0,5,7,3,1,0,6,0,9
3224,三顧,0,1,8,0,0,0,2,0,6
3226,至寶電,9,7,10,9,9,10,6,7,6
3227,原相,10,1,7,9,5,7,10,2,3
3228,金麗科,0,3,10,10,0,0,10,0,1
3229,晟鈦,0,7,8,4,0,0,1,0,7
3230,錦明,0,9,2,4,0,0,1,0,8
3231,緯創,3,8,6,4,2,6,2,4,10
3232,昱捷,3,5,5,7,2,2,2,2,9
3234,光環,0,8,3,3,0,0,1,0,3
3236,千如,4,5,2,0,2,5,5,6,9
3252,海灣,0,10,1,0,6,0,8,0,5
3257,虹冠電,9,2,9,8,10,5,9,4,1
3259,鑫創,0,9,9,0,0,0,3,0,2
3260,威剛,3,8,2,8,2,3,3,4,9
3264,欣銓,8,8,1,0,10,8,8,9,4
3265,台星科,8,3,6,5,9,5,7,6,3
3266,昇陽,2,10,8,10,9,2,7,8,6
3268,海德威,0,3,2,7,0,0,1,0,8
3272,東碩,1,6,4,0,0,2,1,0,10
3276,宇環,0,10,7,10,0,0,1,3,7
3284,太普高,0,8,2,8,6,0,4,4,5
3285,微端,0,1,8,7,3,0,5,3,7
3287,廣寰科,3,3,9,9,2,2,7,2,3
3288,點晶,0,10,3,9,3,0,10,1,3
3289,宜特,3,9,2,2,6,3,6,5,4
3290,東浦,2,3,4,7,6,2,6,6,6
3293,鈊象,10,1,9,3,10,10,10,6,1
3294,英濟,0,4,4,9,0,0,3,0,8
3296,勝德,0,4,5,2,0,0,4,0,9
3297,杭特,0,3,10,8,0,0,5,0,3
3303,岱稜,6,8,3,7,5,6,7,7,8
3305,昇貿,3,7,7,4,5,3,3,2,7
3306,鼎天,4,1,10,2,1,2,5,2,5
3308,聯德,0,2,5,0,9,0,8,10,2
3310,佳穎,2,10,4,3,6,3,5,3,3
3311,閎暉,0,1,9,5,3,0,3,5,7
3312,弘憶股,5,7,8,8,2,7,1,10,10
3313,斐成,0,2,10,10,0,0,2,0,1
3317,尼克森,7,3,10,2,6,7,6,6,6
3321,同泰,0,7,4,9,0,0,0,0,9
3322,建舜電,0,8,6,9,2,0,4,5,8
3323,加百裕,4,6,5,0,0,5,1,0,10
3324,雙鴻,8,9,9,6,6,10,5,4,4
3325,旭品,0,7,4,6,0,0,2,0,4
3332,幸康,9,4,7,2,7,6,8,9,7
3338,泰碩,6,6,7,5,4,8,5,5,7
3339,泰谷,0,2,10,4,0,0,2,2,5
3346,麗清,0,9,5,8,2,0,3,6,9
3349,寶德,0,4,3,0,0,0,2,0,5
3354,律勝,0,2,7,6,0,0,0,0,1
3356,奇偶,5,1,7,2,6,3,9,8,4
3357,臺慶科,8,7,3,3,7,9,6,6,5
3360,尚立,2,9,7,0,0,3,1,0,10
3362,先進光,0,7,3,8,6,0,6,2,2
3363,上詮,5,2,7,0,0,3,3,1,2
3372,典範,0,5,8,8,0,0,0,0,5
3373,熱映,3,7,10,0,0,2,3,0,5
3374,精材,8,4,6,4,10,9,7,5,2
3376,新日興,8,4,8,8,5,6,4,3,4
3379,彬台,0,6,10,0,0,0,4,0,8
3380,明泰,3,7,7,0,2,2,4,4,9
3388,崇越電,8,2,4,7,3,7,4,5,9
3390,旭軟,0,1,9,4,1,0,4,3,6
3402,漢科,7,4,8,9,6,9,5,8,7
3406,玉晶光,7,9,2,7,8,9,8,7,5
3413,京鼎,10,2,4,0,8,10,6,10,7
3416,融程電,10,4,10,4,9,8,9,6,3
3419,譁裕,0,5,4,0,0,0,3,0,8
3426,台興,9,2,4,2,6,6,7,7,6
3430,奇鈦科,9,4,5,2,7,9,7,10,8
3432,台端,10,2,6,10,0,2,7,0,1
3434,哲固,2,7,8,9,2,2,4,3,8
3437,榮創,0,2,8,6,0,0,5,0,5
3438,類比科,0,2,6,6,0,0,7,0,3
3441,聯一光,0,1,7,8,2,0,7,3,3
3443,0,10,3,9,0,8,10,7,1,1
3444,利機,8,5,8,4,5,9,6,3,3
3447,展達,1,5,10,0,1,1,2,1,10
3450,聯鈞,4,7,5,1,2,4,3,0,7
3454,晶睿,6,4,8,0,3,6,6,6,7
3455,由田,7,9,4,0,6,9,10,9,6
3465,進泰電子,0,7,2,10,1,0,4,0,5
3466,德晉,0,6,4,0,0,0,6,0,7
3479,安勤,7,5,8,0,7,7,6,9,8
3481,群創,0,4,5,5,0,0,1,0,9
3483,力致,5,7,7,6,5,7,5,5,5
3484,崧騰,5,3,5,2,1,6,4,3,10
3489,森寶,2,9,6,0,0,2,1,3,5
3490,單井,0,6,5,0,2,0,7,5,4
3491,昇達科,8,2,8,5,7,6,8,3,2
3492,長盛,4,6,6,8,1,3,6,4,8
3494,誠研,0,10,2,8,0,0,2,0,6
3498,陽程,0,3,7,0,0,0,6,2,7
3499,環天科,0,3,9,10,0,0,4,0,3
3501,維熹,7,5,5,6,6,6,5,10,8
3504,揚明光,0,6,5,1,0,0,2,0,6
3508,位速,0,6,3,0,0,0,1,0,4
3511,矽瑪,7,3,8,0,0,4,3,0,10
3512,皇龍,3,8,4,0,7,3,4,6,7
3515,華擎,7,6,10,6,3,6,4,3,6
3516,亞帝歐,0,6,3,10,0,0,3,5,8
3518,柏騰,0,1,8,6,0,0,6,2,2
3520,華盈,2,5,2,10,0,2,3,1,7
3521,鴻翊,0,5,1,0,0,0,4,0,2
3522,御頂,0,5,1,4,0,0,9,0,6
3523,迎輝,0,10,1,10,0,0,0,0,2
3526,凡甲,10,2,3,9,10,10,10,6,2
3527,聚積,6,3,10,2,0,4,9,0,6
3528,安馳,6,10,10,0,4,8,2,7,10
3529,0,10,1,10,3,10,10,10,1,1
3530,晶相光,8,4,6,3,0,5,0,0,2
3531,先益,5,5,6,3,3,4,4,9,8
3532,台勝科,7,10,4,0,10,5,8,7,3
3533,嘉澤,9,4,7,8,10,10,9,6,3
3535,晶彩科,0,4,9,0,1,0,9,2,7
3537,堡達,8,8,9,4,4,9,3,9,9
3540,曜越,4,7,6,2,2,4,7,5,8
3541,西柏,8,3,6,0,6,8,8,2,7
3543,州巧,0,4,5,5,2,0,4,3,9
3545,敦泰,0,4,2,9,1,0,4,2,6
3546,宇峻,10,1,9,0,8,9,10,8,4
3548,兆利,6,6,7,10,4,6,4,3,4
3550,聯穎,1,6,3,10,0,1,3,0,10
3551,世禾,7,7,5,1,8,6,8,7,5
3552,同致,0,7,4,9,5,0,6,5,7
3555,博士旺,0,1,5,9,0,0,9,0,1
3556,禾瑞亞,10,4,8,6,8,10,9,6,4
3557,嘉威,9,5,7,6,6,10,8,10,8
3558,神準,8,6,9,0,4,8,4,10,9
3563,牧德,10,1,9,0,10,10,10,4,2
3564,其陽,3,10,3,0,2,3,6,2,7
3567,逸昌,9,8,7,2,10,8,9,8,3
3570,大塚,10,2,7,7,8,10,8,9,6
3576,聯合再生,0,8,2,0,0,0,0,0,7
3577,泓格,4,9,6,8,7,4,10,3,3
3580,友威科,9,2,4,10,8,8,9,7,5
3581,博磊,5,3,8,0,3,5,7,3,8
3583,辛耘,7,5,9,8,5,8,7,4,4
3587,閎康,8,7,3,2,9,7,8,5,3
3588,通嘉,3,6,10,9,0,2,8,0,4
3591,艾笛森,1,5,7,6,2,1,6,1,5
3592,瑞鼎,9,4,7,9,4,8,7,6,7
3593,力銘,0,10,5,5,0,0,1,0,7
3594,磐儀,1,5,4,0,5,2,8,5,5
3596,智易,6,7,10,4,4,8,3,8,9
3597,映興,7,3,4,1,0,8,5,3,8
3605,宏致,4,7,2,2,0,5,5,0,10
3607,谷崧,0,7,6,8,0,0,2,0,9
3609,三一東林,0,6,8,0,0,0,2,0,6
3611,鼎翰,10,3,4,2,8,10,8,10,7
3615,安可,0,4,4,6,0,0,4,3,6
3617,碩天,4,6,6,1,8,5,9,9,6
3622,洋華,6,1,7,6,9,3,8,5,2
3623,富晶通,0,1,6,0,0,0,1,0,3
3624,光頡,7,5,9,2,7,6,7,6,5
3625,西勝,0,8,3,8,0,0,3,0,7
3628,盈正,2,8,8,0,2,3,6,8,9
3629,地心引力,0,1,9,0,0,0,9,0,1
3630,新鉅科,0,7,1,9,0,0,0,0,3
3631,晟楠,0,6,1,0,0,0,1,0,1
3632,研勤,0,7,2,3,1,0,10,1,6
3645,達邁,4,10,3,9,0,4,4,0,4
3646,艾恩特,8,6,7,3,4,7,7,5,6
3652,精聯,2,4,7,5,1,2,7,3,8
3653,健策,9,6,7,2,9,8,8,3,1
3661,0,10,4,9,9,7,9,5,1,1
3663,鑫科,4,9,3,6,2,3,2,2,8
3664,安瑞-KY,0,5,2,0,0,0,10,0,3
3665,貿聯-KY,8,4,1,1,6,9,6,9,9
3666,光耀,0,8,7,1,0,0,0,0,6
3669,圓展,6,2,9,6,2,4,10,6,6
3672,康聯訊,0,4,7,0,0,0,8,0,7
3673,TPK-KY,2,2,2,0,1,1,1,2,10
3675,德微,5,8,2,7,9,7,8,3,2
3679,新至陞,8,1,3,10,7,7,6,9,6
3680,家登,6,5,2,8,9,8,9,3,2
3684,榮昌,7,7,3,0,3,7,7,4,7
3685,元創精密,0,9,5,0,0,0,4,0,8
3686,達能,0,1,10,10,0,0,0,0,1
3687,歐買尬,1,2,6,4,9,1,9,2,6
3689,湧德,3,5,8,3,5,3,5,10,9
3691,碩禾,0,5,3,8,0,0,0,0,6
3693,營邦,3,8,8,6,8,2,7,7,4
3694,海華,0,8,9,2,3,0,3,5,9
3701,大眾控,2,6,5,9,4,2,4,4,8
3702,大聯大,4,9,4,7,1,7,1,5,10
3703,欣陸,3,8,3,1,5,4,3,8,9
3704,合勤控,2,5,5,0,3,2,5,9,9
3705,永信,6,8,5,3,7,7,9,7,6
3706,神達,6,1,5,2,0,5,2,3,7
3707,漢磊,0,4,3,0,2,0,2,1,4
3708,上緯投控,6,6,4,6,2,7,4,10,8
3709,鑫聯大投控,3,8,8,6,1,6,1,5,10
3710,連展投控,0,8,3,9,0,0,4,0,10
3711,日月光投控,6,7,3,1,4,7,3,8,9
3712,永崴投控,2,4,3,8,3,0,3,4,9
3713,新晶投控,2,10,1,3,0,2,4,1,6
3714,富采,0,3,6,8,0,0,1,0,7
3715,定穎投控,5,8,2,5,6,8,5,4,1
4102,永日,3,6,3,9,5,2,7,5,4
4104,佳醫,5,6,8,3,5,5,5,6,5
4105,東洋,9,5,6,7,10,9,10,7,3
4106,雃博,6,3,6,2,5,4,9,6,8
4107,邦特,10,5,3,4,10,9,9,7,3
4108,懷特,0,1,9,7,0,0,9,0,1
4109,加捷生醫,0,3,10,9,0,0,9,0,2
4111,濟生,5,7,7,2,4,4,7,9,7
4113,聯上,0,10,5,10,0,0,5,0,1
4114,健喬,4,8,4,6,7,3,9,5,3
4116,明基醫,4,6,2,2,5,4,7,4,8
4119,旭富,5,10,4,1,8,4,7,4,1
4120,友華,0,5,2,2,0,0,9,0,9
4121,優盛,2,8,2,1,1,2,8,2,10
4123,晟德,1,1,3,6,3,0,9,0,1
4126,太醫,7,7,5,1,9,8,7,8,4
4127,天良,0,7,8,3,2,0,10,5,7
4128,中天,0,5,7,1,0,0,8,0,1
4129,聯合,3,7,3,7,7,3,10,5,4
4130,健亞,1,2,10,5,6,1,9,2,2
4131,浩泰,0,1,6,0,0,0,0,0,1
4133,亞諾法,4,4,10,1,7,2,9,3,2
4137,麗豐-KY,10,1,5,10,10,10,10,7,3
4138,曜亞,9,2,5,1,8,6,8,7,4
4139,馬光-KY,2,7,1,2,2,2,3,0,6
4142,國光生,0,6,2,0,0,0,6,0,2
4147,中裕,0,4,2,9,0,0,9,0,1
4148,全宇生技-KY,5,3,9,0,4,3,4,7,8
4153,鈺緯,3,3,10,0,6,2,7,4,5
4154,樂威科-KY,0,4,10,0,0,0,0,0,7
4155,訊映,5,7,8,0,1,4,4,1,4
4157,太景*-KY,0,1,6,9,0,0,10,0,1
4160,訊聯基因,0,1,8,8,2,0,9,3,5
4161,聿新科,0,5,5,10,5,0,6,4,4
4162,智擎,6,1,10,1,10,3,10,2,1
4163,鐿鈦,8,5,1,1,9,8,9,7,4
4164,承業醫,4,8,1,4,8,5,6,4,4
4167,松瑞藥,0,4,6,7,0,0,3,0,2
4168,醣聯,0,2,10,0,0,0,9,0,1
4171,瑞基,8,3,5,2,0,8,6,0,3
4173,久裕,2,7,10,8,4,3,5,5,6
4174,浩鼎,0,2,6,10,0,0,0,0,1
4175,杏一,3,8,1,3,1,6,7,2,10
4183,福永生技,6,4,3,0,3,5,6,4,7
4188,安克,0,1,8,0,0,0,10,0,1
4190,佐登-KY,4,4,2,0,1,5,10,0,7
4192,杏國,0,1,10,6,0,0,10,0,1
4198,欣大健康,0,5,1,5,0,0,4,0,5
4205,中華食,10,2,7,0,9,10,8,5,2
4207,環泰,4,9,2,4,5,4,3,7,9
4303,信立,0,3,6,5,0,0,1,3,2
4304,勝昱,0,10,8,0,0,0,1,0,10
4305,世坤,10,2,9,6,9,7,6,8,4
4306,炎洲,2,8,3,8,3,2,4,9,9
4401,東隆興,3,8,2,9,0,3,1,0,9
4402,福大,0,8,6,0,0,0,0,0,2
4406,新昕纖,0,5,7,8,0,0,0,0,8
4413,飛寶企業,3,3,3,0,3,2,5,4,8
4414,如興,0,6,8,2,0,0,3,0,10
4416,三圓,0,10,3,1,10,0,10,0,1
4417,金洲,7,7,5,0,7,7,6,10,8
4419,元勝,0,8,1,2,2,0,8,0,1
4420,光明,0,10,1,4,0,0,0,0,5
4426,利勤,0,9,2,0,0,0,4,2,4
4430,耀億,0,8,4,4,0,1,3,0,9
4432,銘旺實,0,3,9,0,6,0,6,10,9
4433,興采,2,7,2,0,0,2,5,0,9
4438,廣越,5,5,4,0,5,6,3,8,10
4439,冠星-KY,8,8,6,4,7,9,6,10,9
4440,宜新實業,5,9,2,3,3,6,2,5,8
4442,0,1,3,9,0,3,1,5,1,1
4502,健信,0,8,2,9,0,0,4,0,6
4503,金雨,0,4,8,10,0,0,0,0,1
4506,崇友,9,4,10,1,9,9,7,7,4
4510,高鋒,0,6,2,3,5,0,5,7,9
4513,福裕,0,6,2,0,0,0,7,6,7
4523,永彰,0,6,8,9,0,0,6,2,2
4526,東台,0,9,5,3,0,0,5,0,10
4527,方土霖,7,8,7,8,4,7,5,9,8
4528,江興鍛,5,8,3,4,3,6,4,8,8
4529,淳紳,0,4,9,6,0,0,0,0,1
4530,宏易,0,3,3,0,0,0,7,0,5
4532,瑞智,4,4,6,7,4,5,3,8,9
4533,協易機,2,2,2,0,4,1,7,6,8
4534,慶騰,0,5,7,10,0,0,0,0,8
4535,至興,4,4,10,6,7,2,4,9,9
4536,拓凱,9,3,5,0,9,9,7,10,6
4538,大詠城,5,5,7,0,8,4,6,8,6
4540,全球傳動,2,9,1,2,2,2,5,2,8
4541,晟田,0,5,1,6,0,0,1,0,6
4542,科嶠,3,5,4,0,7,3,8,5,4
4543,萬在,2,4,5,7,8,2,7,5,4
4545,銘鈺,2,4,5,1,4,1,4,6,8
4549,桓達,10,3,5,1,9,9,10,6,3
4550,長佳,6,3,5,5,5,6,3,9,8
4551,智伸科,7,7,7,4,6,9,5,8,7
4552,力達-KY,7,4,6,10,7,5,5,10,9
4554,橙的,0,3,10,9,0,0,8,1,5
4555,氣立,3,8,2,8,0,3,7,1,4
4556,旭然,2,8,5,9,4,2,8,2,6
4557,永新-KY,8,5,9,7,8,8,7,9,6
4558,寶緯,0,9,2,3,2,0,1,3,9
4560,強信-KY,7,6,9,9,3,6,7,5,7
4561,健椿,4,6,2,9,8,4,6,8,6
4562,穎漢,0,9,3,1,0,0,8,0,6
4563,百德,0,5,2,9,5,0,6,4,8
4564,元翎,3,8,1,0,0,3,0,0,4
4566,時碩工業,5,6,3,2,4,5,5,8,8
4568,科際精密,9,4,5,3,4,8,7,2,6
4569,六方科-KY,1,3,8,3,3,1,4,1,1
4571,鈞興-KY,9,6,9,9,7,9,7,7,5
4572,駐龍,5,3,4,5,10,2,9,4,2
4576,大銀微系統,3,8,4,0,1,3,7,1,4
4577,達航科技,0,10,6,0,0,0,5,0,9
4580,捷流閥業,9,5,3,0,8,9,7,9,6
4581,光隆精密-KY,7,4,4,1,9,6,8,9,5
4583,台灣精銳,9,3,7,6,10,7,10,7,2
4584,君帆,5,6,3,9,7,6,7,5,7
4609,唐鋒,0,2,1,0,0,0,1,0,5
4702,中美實,4,4,9,0,0,3,2,8,8
4706,大恭,6,4,9,10,0,4,2,0,5
4707,磐亞,6,4,9,4,1,5,2,9,4
4711,永純,1,4,6,7,3,1,3,2,8
4712,南璋,0,1,5,1,0,0,0,0,1
4714,永捷,0,5,6,5,0,0,4,0,4
4716,大立,2,3,6,8,0,2,2,0,6
4720,德淵,2,7,4,8,1,2,4,6,10
4721,美琪瑪,8,8,8,0,3,8,2,0,7
4722,國精化,7,9,3,9,3,7,3,4,8
4726,永昕,0,6,4,0,0,0,0,0,1
4728,雙美,10,4,4,9,10,10,10,6,2
4729,熒茂,0,6,4,0,1,0,4,3,8
4735,豪展,8,2,10,0,3,8,7,7,7
4736,泰博,9,3,8,0,9,10,9,9,6
4737,華廣,3,7,1,4,1,3,9,1,5
4739,康普,3,6,3,0,0,3,1,0,8
4741,泓瀚,4,5,10,0,5,3,7,6,6
4743,合一,0,1,8,9,0,0,8,0,1
4744,皇將,5,3,4,10,0,5,9,0,6
4745,合富-KY,3,7,10,3,4,3,5,5,10
4746,台耀,0,4,4,4,8,0,9,2,3
4747,強生,7,2,6,7,9,5,9,3,2
4754,國碳科,8,8,2,10,7,9,8,6,4
4755,三福化,7,9,7,3,6,8,4,3,4
4760,勤凱,8,8,10,8,7,8,5,5,4
4763,材料-KY,9,1,10,10,10,10,10,6,1
4764,雙鍵,3,5,3,7,0,2,2,0,7
4766,南寶,7,4,5,8,7,7,7,7,6
4767,誠泰科技,6,4,3,3,5,5,5,9,9
4768,晶呈科技,9,8,8,0,9,9,9,2,2
4770,上品,10,5,7,1,10,10,9,8,3
4804,大略-KY,0,10,1,0,0,0,9,0,9
4806,昇華,0,6,2,1,0,0,2,0,1
4807,日成-KY,0,7,7,5,0,0,0,0,10
4903,聯光通,0,2,9,5,0,0,3,0,5
4904,遠傳,8,2,1,3,8,8,7,4,3
4905,台聯電,0,2,10,10,0,0,8,9,1
4906,正文,3,6,6,0,2,3,2,9,10
4907,富宇,3,10,2,10,0,5,3,1,1
4908,前鼎,9,2,10,10,9,6,9,3,1
4909,新復興,0,1,9,10,0,0,2,0,2
4911,德英,0,3,10,6,10,0,10,2,1
4912,聯德控股-KY,6,6,6,7,4,8,6,4,8
4915,致伸,6,5,6,6,3,9,3,9,10
4916,事欣科,2,7,3,5,4,2,3,7,8
4919,新唐,8,6,2,3,4,8,9,5,7
4923,力士,6,5,9,5,0,4,6,2,6
4924,欣厚-KY,2,10,3,6,0,2,4,0,8
4927,泰鼎-KY,6,10,3,0,0,8,2,0,9
4930,燦星網,2,1,2,5,4,2,4,10,10
4931,新盛力,2,5,9,2,2,3,3,3,9
4933,友輝,7,1,6,10,6,4,6,7,5
4934,太極,0,5,6,0,1,0,4,8,4
4935,茂林-KY,6,2,6,8,2,5,3,9,9
4938,和碩,4,8,5,0,1,6,1,8,10
4939,亞電,3,7,4,9,4,2,5,2,7
4942,嘉彰,7,5,9,3,7,6,6,10,9
4943,康控-KY,0,10,2,6,0,0,0,0,8
4945,陞達科技,9,1,9,10,5,5,9,2,2
4946,辣椒,0,1,7,0,0,0,0,0,3
4950,0,0,7,5,0,0,0,0,1,1
4951,精拓科,10,2,9,3,9,8,10,5,2
4952,凌通,9,5,6,6,5,8,8,4,5
4953,緯軟,9,7,8,5,5,10,5,7,7
4956,光鋐,0,9,2,2,0,0,1,0,6
4958,臻鼎-KY,6,6,4,1,2,6,3,9,10
4960,誠美材,0,5,6,3,0,0,1,0,9
4961,天鈺,7,1,9,2,8,6,7,8,6
4966,0,10,2,10,4,7,10,9,1,1
4967,十銓,0,9,8,9,1,0,1,2,9
4968,立積,3,5,9,6,0,3,6,0,2
4971,IET-KY,4,9,10,5,0,3,6,3,4
4972,湯石照明,5,1,9,10,1,3,7,2,6
4973,廣穎,4,3,10,4,2,3,5,9,10
4974,亞泰,10,1,8,6,7,9,4,10,8
4976,佳凌,0,3,5,1,0,0,0,0,2
4977,眾達-KY,9,1,8,0,7,8,5,10,5
4979,華星光,0,3,5,5,7,0,4,2,1
4987,科誠,9,8,6,5,8,8,9,9,6
4989,榮科,3,8,7,0,0,2,0,0,8
4991,環宇-KY,0,10,5,9,0,0,3,0,4
4994,傳奇,8,1,8,3,5,3,10,4,4
4995,晶達,8,6,2,5,7,8,8,9,6
4999,鑫禾,7,3,8,1,0,5,3,1,7
5007,三星,9,6,7,7,9,8,6,7,5
5009,榮剛,2,7,1,3,9,3,7,10,5
5011,久陽,0,3,3,6,0,0,1,5,10
5013,強新,4,9,3,9,5,4,3,8,10
5014,建錩,1,6,4,9,1,1,1,2,10
5015,華祺,8,3,9,3,6,7,5,7,8
5016,松和,5,7,2,5,2,5,2,5,10
5201,凱衛,10,1,6,0,4,7,10,9,3
5202,力新,0,1,10,8,0,0,10,1,1
5203,訊連,6,3,6,2,5,3,10,3,3
5205,中茂,0,8,7,10,0,0,0,0,1
5206,坤悅,2,10,5,1,5,3,6,4,1
5209,新鼎,9,4,6,9,4,10,2,9,7
5210,寶碩,0,4,9,0,0,0,10,0,1
5211,蒙恬,0,2,7,5,0,0,10,0,2
5212,凌網,10,3,6,5,8,10,10,7,6
5213,亞昕,1,10,4,7,9,1,8,4,2
5215,科嘉-KY,9,3,7,9,6,7,6,6,6
5220,萬達光電,8,5,3,2,3,8,5,4,8
5222,全訊,10,2,7,5,10,8,10,4,1
5223,安力-KY,7,7,5,1,0,7,5,0,8
5225,東科-KY,0,5,8,8,4,0,3,10,10
5227,立凱-KY,0,3,6,7,0,0,0,0,2
5228,鈺鎧,0,10,1,0,0,0,1,0,7
5230,雷笛克光學,1,9,2,7,0,1,7,0,8
5234,達興材料,10,6,5,2,8,10,8,5,3
5236,凌陽創新,10,1,10,7,10,9,10,5,2
5243,乙盛-KY,6,6,6,1,5,6,5,9,9
5244,弘凱,9,3,9,5,9,7,9,6,3
5245,智晶,4,7,6,2,0,3,3,0,7
5251,天鉞電,0,1,8,2,0,0,8,0,4
5258,虹堡,5,5,7,1,7,6,7,8,6
5263,智崴,0,5,2,5,0,0,9,0,2
5269,0,10,7,10,9,10,10,10,1,1
5272,笙科,0,3,6,9,0,0,9,0,3
5274,0,10,1,10,8,10,10,10,1,1
5276,達輝-KY,0,4,9,0,2,0,3,0,9
5278,尚凡,10,1,5,4,9,10,10,7,4
5283,禾聯碩,9,7,8,4,7,10,8,8,7
5284,jpp-KY,5,9,4,2,10,5,9,8,3
5285,界霖,5,7,2,1,3,6,3,3,8
5287,數字,10,5,6,2,10,10,10,8,2
5288,豐祥-KY,9,7,6,5,8,10,5,10,6
5289,宜鼎,10,3,6,2,8,10,8,6,4
5291,邑昇,6,7,5,2,2,6,5,4,9
5299,杰力,10,9,10,7,7,10,7,6,4
5301,寶得利,0,10,6,10,0,0,7,0,1
5302,太欣,0,10,3,10,0,0,9,0,1
5306,桂盟,9,3,4,4,9,10,9,7,4
5309,系統電,0,2,4,0,4,0,6,5,6
5310,天剛,0,1,6,9,0,0,0,0,1
5312,寶島科,6,2,2,2,6,7,10,8,6
5314,世紀,0,1,9,10,0,0,4,2,1
5315,光聯,9,2,8,0,4,6,4,9,8
5321,美而快,3,5,2,0,4,4,8,4,7
5324,士開,0,10,1,5,0,0,9,0,2
5328,華容,1,4,8,0,5,1,6,4,4
5340,建榮,4,10,10,4,1,3,2,1,2
5344,立衛,0,5,6,9,0,0,1,0,2
5345,天揚,0,5,7,0,0,0,8,0,1
5347,世界,10,3,1,0,8,10,7,7,4
5348,正能量智能,0,5,9,0,3,0,6,2,3
5351,鈺創,0,7,3,9,0,0,0,0,3
5353,台林,7,4,7,3,6,5,6,9,7
5355,佳總,0,2,7,1,0,0,0,0,3
5356,協益,1,8,4,9,0,1,1,1,9
5364,力麗店,0,10,1,0,0,0,0,0,7
5371,中光電,5,3,8,3,2,5,5,6,9
5381,合正,0,2,4,10,5,0,5,2,1
5383,金利,0,9,2,1,0,0,2,0,6
5386,青雲,5,6,10,9,2,6,1,4,10
5388,中磊,5,7,5,2,3,8,3,8,10
5392,能率,0,3,3,6,0,0,3,0,10
5398,慕康生醫,0,1,10,0,0,0,5,0,3
5403,中菲,7,7,9,6,9,10,9,8,4
5410,國眾,7,9,7,0,4,9,5,8,10
5425,台半,6,5,4,0,7,6,7,5,7
5426,振發,0,6,6,0,0,0,3,2,4
5432,新門,6,2,10,6,4,3,4,1,1
5434,崇越,8,6,5,0,4,10,3,9,9
5438,東友,1,4,8,3,0,1,3,1,7
5439,高技,8,9,7,1,8,9,5,5,3
5443,均豪,6,2,5,9,0,6,6,2,7
5450,南良,2,3,1,7,1,2,6,0,9
5452,佶優,2,7,6,4,2,2,2,2,10
5455,0,0,10,10,10,0,0,10,1,1
5457,宣德,5,7,5,8,4,6,5,3,10
5460,同協,0,2,8,0,0,0,5,0,4
5464,霖宏,0,4,4,3,0,0,2,5,6
5465,富驊,4,8,10,6,4,5,3,5,7
5468,凱鈺,0,7,6,6,0,0,4,0,3
5469,瀚宇博,6,2,4,2,8,6,6,10,9
5471,松翰,9,2,8,6,3,8,9,2,4
5474,聰泰,10,7,9,7,9,10,10,5,3
5475,德宏,0,7,5,0,0,0,0,0,4
5478,智冠,8,4,9,0,8,7,10,6,4
5481,新華,0,8,2,3,0,0,10,0,1
5483,中美晶,5,6,2,0,10,5,8,10,7
5484,慧友,0,4,9,5,0,0,5,0,2
5487,通泰,6,1,7,1,0,4,7,0,3
5488,松普,0,2,8,5,0,0,2,6,8
5489,彩富,6,5,8,2,5,4,8,5,5
5490,同亨,0,2,2,10,0,0,6,0,6
5493,三聯,6,5,7,7,5,5,3,9,9
5498,凱崴,2,8,3,6,0,2,0,9,6
5508,永信建,6,10,2,10,10,8,9,10,3
5511,德昌,6,7,3,7,8,7,4,10,8
5512,力麒,1,8,2,10,5,1,3,3,8
5514,三豐,0,8,10,0,0,0,10,0,1
5515,建國,5,1,5,0,2,3,2,9,8
5516,雙喜,5,9,7,0,0,8,0,0,10
5519,隆大,5,10,1,10,9,7,7,9,6
5520,力泰,7,7,8,8,8,6,4,10,7
5521,工信,0,2,8,9,1,0,1,2,7
5522,遠雄,4,10,9,0,9,5,7,9,5
5523,豐謙,2,8,4,10,9,3,5,10,2
5525,順天,1,10,7,0,9,2,6,10,6
5529,鉅陞,0,10,8,0,0,0,10,0,2
5530,龍巖,3,6,10,7,10,5,10,9,3
5531,鄉林,0,10,2,0,1,0,6,0,2
5533,皇鼎,2,5,5,0,10,2,8,10,7
5534,長虹,5,10,10,9,9,7,7,7,3
5536,聖暉*,8,4,7,7,7,10,5,10,9
5538,東明-KY,7,8,4,4,2,7,2,8,10
5543,桓鼎-KY,1,7,5,3,0,1,2,0,10
5546,永固-KY,0,10,7,10,0,0,2,0,10
5601,台聯櫃,2,10,2,1,10,2,10,2,1
5603,陸海,0,9,5,0,4,0,3,9,7
5604,中連,4,9,3,0,10,3,10,2,1
5607,遠雄港,4,10,1,6,10,5,10,7,2
5608,四維航,0,8,2,0,0,0,1,0,7
5609,中菲行,9,2,8,0,4,10,4,10,10
5701,劍湖山,0,8,2,0,0,0,9,0,5
5703,亞都,0,7,2,0,4,0,8,2,2
5704,老爺知,8,2,9,0,9,6,10,6,3
5706,鳳凰,3,2,7,0,5,2,3,3,1
5864,致和證,4,2,10,0,10,3,1,10,1
5871,中租-KY,4,10,2,2,10,10,10,10,3
5876,上海商銀,2,10,10,2,1,5,1,9,2
5878,0,10,2,5,7,4,8,4,1,1
5880,合庫金,1,10,10,4,1,6,1,6,2
5902,德記,7,4,9,3,6,6,5,7,6
5903,全家,4,9,1,1,2,10,8,6,10
5904,寶雅,8,9,1,0,8,10,9,6,4
5905,南仁湖,0,4,2,0,0,0,10,1,3
5906,台南-KY,2,7,3,0,4,3,10,7,8
5907,大洋-KY,0,9,1,0,0,0,10,0,10
6005,群益證,3,2,9,7,9,3,1,10,3
6015,宏遠證,0,2,9,10,2,0,1,1,3
6016,康和證,2,2,8,7,10,2,1,10,4
6020,大展證,0,1,10,0,10,0,1,8,0
6021,美好證,2,3,6,10,8,2,1,3,2
6023,元大期,2,9,9,8,0,6,1,10,3
6024,群益期,2,9,10,7,3,7,1,10,3
6026,福邦證,3,1,10,0,10,1,1,10,1
6101,寬魚國際,0,2,10,0,6,0,4,2,1
6103,0,0,1,10,0,0,0,1,1,1
6104,創惟,9,4,4,9,2,9,9,0,3
6108,競國,1,2,8,3,0,1,2,2,10
6109,亞元,0,3,8,0,4,0,7,6,9
6111,大宇資,3,3,4,10,0,3,7,3,4
6112,邁達特,6,8,7,4,3,7,3,5,8
6113,亞矽,0,5,4,0,0,0,2,0,8
6114,久威,3,1,7,0,0,2,2,2,8
6115,鎰勝,8,3,5,7,6,7,4,8,7
6116,彩晶,0,4,6,5,0,0,0,0,5
6117,迎廣,0,8,2,9,1,0,5,1,4
6118,建達,0,9,10,2,0,0,1,0,10
6120,達運,0,4,3,9,0,0,1,3,9
6121,新普,8,3,7,2,5,9,3,9,9
6122,擎邦,3,3,9,9,5,3,2,8,6
6123,上奇,9,2,9,4,4,9,3,8,9
6124,業強,4,7,7,1,0,4,2,0,3
6125,廣運,0,6,4,0,3,0,5,3,4
6126,信音,6,1,5,4,6,7,6,6,8
6127,九豪,0,10,1,5,0,0,4,8,3
6128,上福,5,3,5,1,6,4,9,10,9
6129,普誠,0,6,8,0,0,0,8,3,4
6130,上亞科技,0,2,6,10,1,0,8,5,1
6133,金橋,0,5,8,0,1,0,5,3,7
6134,萬旭,0,4,3,0,0,0,6,0,8
6136,富爾特,9,1,9,3,0,2,5,5,2
6138,茂達,9,4,6,8,7,9,7,3,4
6139,亞翔,2,5,8,10,5,3,2,7,8
6140,訊達,1,3,10,9,0,1,2,1,9
6141,柏承,0,9,3,9,0,0,0,0,9
6142,友勁,0,4,4,0,0,0,2,2,8
6143,振曜,7,2,8,1,6,7,5,6,7
6144,得利影,0,1,9,0,0,0,8,0,4
6146,耕興,10,3,7,0,10,10,10,8,2
6147,頎邦,9,3,7,1,9,8,6,9,5
6148,驊宏資,5,4,6,6,6,5,6,7,4
6150,撼訊,0,8,9,0,0,0,1,0,8
6151,晉倫,6,9,7,3,4,6,5,7,8
6152,百一,0,5,7,0,0,1,4,1,10
6153,嘉聯益,0,7,2,6,0,0,0,0,9
6154,順發,4,6,5,0,1,3,3,6,10
6155,鈞寶,6,2,10,0,2,3,5,5,4
6156,松上,4,3,5,6,3,5,3,10,10
6158,禾昌,4,8,7,7,3,4,7,4,8
6160,欣技,1,8,6,0,0,1,8,2,7
6161,捷波,9,2,8,8,7,8,8,7,6
6163,華電網,2,5,7,7,0,2,5,8,10
6164,華興,0,3,5,9,0,0,6,2,6
6165,浪凡,0,2,1,4,0,0,6,0,9
6166,凌華,4,8,2,0,2,4,8,3,7
6167,久正,6,4,9,0,4,4,4,9,7
6168,宏齊,7,2,7,1,1,4,6,3,5
6169,昱泉,0,9,2,7,0,0,2,0,1
6170,統振,5,10,9,5,6,5,7,6,5
6171,大城地產,2,10,10,1,0,2,10,0,6
6173,信昌電,9,3,6,3,6,8,4,6,5
6174,安碁,2,7,7,0,2,1,7,4,6
6175,立敦,6,9,9,6,6,6,4,8,7
6176,瑞儀,9,1,6,6,7,10,5,10,7
6177,達麗,2,10,5,10,7,4,5,3,6
6179,亞通,3,6,6,0,4,4,3,0,6
6180,橘子,9,2,9,0,6,9,9,5,7
6182,合晶,4,8,4,0,8,4,8,5,6
6183,關貿,9,4,7,4,10,8,9,5,2
6184,大豐電,10,1,9,1,10,8,10,8,3
6185,幃翔,0,2,5,0,3,0,8,6,2
6186,新潤,2,10,6,10,8,2,7,8,4
6187,萬潤,8,2,2,10,1,6,9,1,2
6188,廣明,5,4,8,0,6,5,6,5,5
6189,豐藝,6,8,7,10,3,8,2,8,10
6190,萬泰科,4,8,3,5,3,5,3,4,10
6191,精成科,5,3,5,4,8,5,5,10,7
6192,巨路,9,4,8,6,8,9,8,10,7
6194,育富,4,1,7,9,7,2,4,9,7
6195,詩肯,6,8,1,3,4,8,10,8,8
6196,帆宣,5,8,5,7,3,9,2,9,10
6197,佳必琪,9,2,7,9,7,7,7,6,5
6198,瑞築,0,9,10,10,10,0,9,7,1
6199,天品,0,5,9,0,8,0,10,2,1
6201,亞弘電,9,4,9,4,7,8,6,8,5
6202,盛群,10,4,5,0,5,10,10,2,4
6203,海韻電,10,3,5,4,9,10,8,9,4
6204,艾華,7,3,6,10,1,4,8,10,2
6205,詮欣,8,2,8,0,7,6,8,4,3
6206,飛捷,10,2,10,5,7,8,8,5,5
6207,雷科,7,1,6,8,2,6,7,5,5
6208,日揚,7,9,3,0,7,8,8,7,6
6209,今國光,0,7,8,3,0,0,2,1,7
6210,慶生,8,3,8,0,0,7,0,0,6
6212,理銘,2,10,10,10,10,3,9,3,5
6213,聯茂,7,8,5,4,2,8,2,3,7
6214,精誠,7,4,4,4,3,6,5,6,8
6215,和椿,4,3,8,7,1,4,7,5,7
6216,居易,10,1,10,10,7,6,9,5,4
6217,中探針,4,5,3,2,0,4,6,0,7
6218,豪勉,5,7,9,9,3,4,6,6,6
6219,富旺,0,9,9,9,6,0,5,2,2
6220,岳豐,3,8,5,5,0,5,5,0,10
6221,晉泰,8,5,7,2,5,9,4,5,7
6222,上揚,3,1,10,3,0,1,0,0,1
6223,旺矽,6,7,4,4,9,7,9,6,3
6224,聚鼎,7,4,7,4,0,6,6,3,6
6225,天瀚,0,1,8,10,0,0,4,0,1
6226,光鼎,0,8,3,8,0,0,6,0,7
6227,茂綸,5,10,9,1,3,8,2,10,10
6228,全譜,0,7,4,8,0,0,8,0,1
6229,研通,5,4,6,8,0,4,3,0,8
6230,尼得科超眾,7,5,4,0,5,8,4,7,8
6231,系微,10,1,6,5,7,9,10,3,2
6233,旺玖,2,1,8,3,0,1,8,1,2
6234,高僑,4,5,9,2,7,4,4,7,5
6235,華孚,4,9,5,5,8,5,7,4,2
6236,0,0,1,9,2,0,0,9,1,1
6237,驊訊,0,4,9,1,0,0,9,0,2
6239,力成,7,8,2,4,6,8,4,6,7
6240,松崗,0,2,2,1,0,0,7,0,1
6241,易通展,0,5,10,0,0,0,2,0,9
6242,立康,9,4,5,0,9,8,10,9,5
6243,迅杰,0,3,8,0,4,0,8,3,2
6244,茂迪,0,5,2,1,5,0,4,4,5
6245,立端,8,2,7,0,8,9,8,8,6
6246,臺龍,0,4,9,0,0,0,2,0,10
6248,沛波,5,9,4,9,2,8,1,10,10
6257,矽格,8,3,2,4,7,7,5,7,6
6259,百徽,3,3,7,7,3,2,6,5,9
6261,久元,8,4,7,0,6,6,6,5,5
6263,普萊德,10,1,8,8,10,10,9,6,2
6264,富裔,0,10,1,0,0,0,1,0,7
6265,方土昶,0,2,9,8,0,0,0,0,7
6266,泰詠,7,3,7,0,6,7,3,9,7
6269,台郡,8,5,5,0,3,8,3,9,9
6270,倍微,7,3,10,0,1,5,1,6,10
6271,同欣電,8,2,3,1,6,6,5,4,5
6274,台燿,8,5,5,6,5,9,4,2,5
6275,元山,4,10,2,8,3,5,4,6,8
6276,安鈦克,4,3,9,2,5,3,7,7,6
6277,宏正,9,7,6,0,8,9,10,8,6
6278,台表科,7,4,5,8,4,9,2,10,10
6279,胡連,7,9,4,7,8,7,7,6,5
6281,全國電,7,7,2,0,2,10,4,7,10
6282,康舒,3,4,3,6,1,4,5,1,7
6283,淳安,0,3,9,9,0,0,2,0,5
6284,佳邦,6,4,3,8,6,4,6,7,6
6285,啟碁,5,9,7,2,3,6,3,7,9
6287,元隆,0,10,8,0,0,0,0,0,8
6288,聯嘉,1,9,5,5,0,1,3,0,6
6290,良維,7,8,6,5,6,8,5,9,7
6291,沛亨,0,3,10,0,10,0,8,5,2
6292,迅德,10,1,7,0,7,9,8,10,5
6294,智基,10,1,5,1,10,10,9,9,4
6404,0,0,1,10,0,0,0,1,1,1
6405,悅城,0,1,10,0,0,0,0,0,2
6409,0,10,5,6,5,9,10,7,1,1
6411,晶焱,10,9,10,3,8,9,9,3,3
6412,群電,7,8,10,1,6,10,5,6,6
6414,樺漢,3,4,4,6,3,3,5,10,10
6415,矽力*-KY,10,1,7,6,0,9,9,2,2
6416,瑞祺電通,7,7,3,0,6,7,6,5,6
6417,韋僑,7,8,2,0,8,7,7,6,3
6418,詠昇,0,5,2,9,4,0,5,6,8
6419,京晨科,0,1,5,10,1,0,9,4,4
6425,易發,0,8,3,10,0,0,6,0,7
6426,統新,4,3,8,6,0,2,1,0,3
6431,光麗-KY,0,3,3,8,0,0,5,0,4
6432,今展科,7,4,9,5,2,7,6,4,8
6435,大中,9,8,6,7,3,10,3,4,6
6438,迅得,6,5,3,0,8,8,7,9,7
6441,廣錠,0,8,10,0,0,0,3,0,3
6442,光聖,1,3,5,6,5,1,7,3,5
6443,元晶,0,9,3,0,4,0,3,5,6
6446,藥華藥,0,1,8,10,0,0,10,0,1
6449,鈺邦,6,5,6,8,7,7,6,6,4
6451,訊芯-KY,5,2,5,0,4,3,5,2,3
6456,GIS-KY,5,4,4,3,0,8,1,0,10
6457,紘康,9,7,8,9,0,7,5,0,4
6461,益得,0,9,1,10,0,0,0,0,1
6462,神盾,0,1,5,7,0,0,7,0,2
6464,台數科,10,1,1,2,10,7,10,9,4
6465,威潤,0,8,1,0,0,0,7,0,2
6469,大樹,5,7,1,2,3,8,6,2,4
6470,宇智,9,3,10,0,5,9,4,9,8
6472,保瑞,8,4,2,0,10,10,9,5,2
6477,安集,4,9,1,0,9,5,7,8,6
6482,弘煜科,0,1,8,1,8,0,10,4,3
6485,點序,7,6,10,0,4,5,9,4,5
6486,互動,9,5,4,9,6,10,9,9,6
6488,環球晶,10,7,2,0,10,10,8,9,3
6491,晶碩,10,3,8,3,10,10,10,6,2
6492,生華科,0,1,10,1,0,0,10,0,1
6494,九齊,10,6,7,10,2,8,7,2,6
6496,科懋,0,2,3,7,0,0,8,0,5
6499,益安,0,1,7,8,0,0,2,0,1
6504,南六,2,7,2,4,2,2,2,2,8
6505,台塑化,4,6,6,0,2,3,1,2,9
6506,0,4,10,1,5,0,4,2,1,1
6508,惠光,7,7,8,3,4,7,5,4,7
6509,聚和,5,9,6,3,7,7,6,9,7
6510,精測,9,5,10,2,0,7,9,2,3
6512,啟發電,0,2,10,10,0,0,4,0,6
6514,芮特-KY,9,1,8,5,7,8,7,6,5
6515,穎崴,10,8,7,0,8,10,8,3,2
6516,勤崴國際,2,9,7,0,7,1,10,2,2
6517,保勝光學,1,2,8,0,10,1,9,1,3
6523,達爾膚,9,1,10,7,10,7,10,7,2
6525,捷敏-KY,10,6,5,2,8,10,5,8,6
6526,達發,1,2,8,6,5,1,9,1,1
6527,明達醫,8,7,8,6,7,7,7,6,4
6530,創威,8,2,10,7,9,5,9,3,2
6531,愛普*,5,1,10,1,9,4,9,2,1
6532,瑞耘,9,9,10,6,9,9,8,8,3
6533,晶心科,3,1,8,4,0,2,10,0,1
6535,順藥,0,1,10,0,0,0,10,0,1
6538,倉和,8,6,5,6,9,7,9,6,3
6541,泰福-KY,0,4,1,0,0,0,10,0,1
6542,隆中,0,1,9,2,8,0,10,5,4
6546,正基,9,4,4,7,7,9,5,3,4
6547,高端疫苗,0,1,7,1,0,0,10,0,1
6548,長科*,8,3,3,1,7,9,5,6,5
6550,北極星藥業-KY,0,1,8,10,0,0,3,0,1
6552,易華電,5,4,2,7,0,5,1,0,7
6556,勝品,5,8,6,0,7,5,6,10,8
6558,興能高,0,4,8,0,0,0,3,0,5
6560,欣普羅,10,1,8,0,0,6,7,0,4
6561,是方,9,6,1,1,10,10,9,4,2
6568,宏觀,10,2,10,0,4,7,8,3,3
6569,醫揚,9,7,5,0,7,9,8,5,3
6570,維田,8,5,3,0,8,8,8,9,6
6573,虹揚-KY,0,10,3,8,0,0,1,0,8
6574,0,8,1,6,1,5,4,10,1,1
6576,逸達,0,1,4,7,0,0,10,0,1
6577,勁豐,10,6,8,1,6,10,6,9,5
6578,達邦蛋白,0,4,3,6,0,0,2,0,4
6579,研揚,6,3,7,3,7,4,8,6,4
6581,鋼聯,9,9,10,2,10,8,9,7,3
6582,申豐,9,2,10,0,0,8,2,0,3
6584,南俊國際,1,10,2,9,0,1,3,1,2
6585,鼎基,6,9,4,7,9,7,8,4,3
6588,東典光電,0,7,4,0,0,0,0,0,2
6589,台康生技,0,1,7,8,0,0,3,0,1
6590,普鴻,9,7,4,0,9,9,9,7,3
6591,動力-KY,7,6,4,9,5,6,7,9,8
6592,和潤企業,2,10,10,4,9,8,10,7,4
6593,台灣銘板,0,7,2,8,5,0,7,1,2
6596,寬宏藝術,2,3,9,0,6,0,6,6,6
6598,ABC-KY,0,1,2,5,0,0,10,0,2
6603,富強鑫,1,8,1,8,1,1,6,2,10
6605,帝寶,3,8,2,2,8,4,7,9,6
6606,建德工業,1,7,6,8,9,1,8,1,4
6609,瀧澤科,4,6,4,0,3,4,5,9,9
6612,奈米醫材,10,2,6,4,9,6,10,3,2
6613,朋億*,9,5,6,9,8,10,5,10,8
6615,慧智,6,7,6,4,0,5,7,4,5
6616,特昇-KY,1,3,3,8,0,0,2,0,10
6624,0,0,9,2,7,0,0,4,1,1
6625,必應,0,3,7,10,6,0,4,7,3
6629,泰金-KY,9,6,9,8,9,10,6,8,6
6640,均華,6,2,4,10,3,5,7,2,4
6641,基士德-KY,9,4,9,9,0,9,8,5,8
6642,富致,10,2,5,7,8,8,9,4,3
6643,0,10,2,10,4,10,10,10,1,1
6649,台生材,0,3,6,10,0,0,10,2,1
6651,全宇昕,10,6,9,4,9,10,8,10,6
6654,天正國際,2,5,1,7,0,2,4,0,4
6655,科定,5,10,1,10,8,8,9,3,3
6657,華安,1,1,10,10,0,1,10,1,1
6658,聯策,1,4,3,0,2,1,6,1,8
6661,威健生技,6,3,3,9,0,2,9,0,6
6662,樂斯科,9,3,5,9,9,7,9,6,3
6664,群翊,8,6,7,3,10,9,9,10,3
6666,羅麗芬-KY,7,1,7,10,6,4,10,3,3
6667,信紘科,5,6,4,6,8,7,6,6,5
6668,中揚光,0,6,4,4,0,0,1,0,3
6669,0,10,6,4,3,4,10,2,1,1
6670,復盛應用,10,5,5,0,6,10,5,10,8
6671,三能-KY,8,4,7,10,7,7,8,9,7
6672,騰輝電子-KY,8,6,6,1,6,9,7,8,7
6674,鋐寶科技,0,5,9,0,0,0,2,0,9
6679,鈺太,10,1,10,9,9,9,9,2,1
6680,鑫創電子,8,2,5,9,7,7,7,5,3
6683,雍智科技,10,2,10,1,10,10,10,5,2
6684,安格,0,1,8,10,0,0,7,0,1
6689,伊雲谷,6,2,8,4,1,4,3,2,8
6690,安碁資訊,8,8,5,2,7,9,9,5,4
6691,洋基工程,10,5,9,4,8,10,4,7,5
6693,廣閎科,2,4,3,5,1,1,4,0,4
6695,芯鼎,0,1,9,5,0,0,9,0,2
6697,東捷資訊,7,6,9,0,4,7,3,5,8
6698,旭暉應材,0,5,7,1,0,0,4,0,5
6703,軒郁,10,2,4,9,9,9,10,6,3
6706,惠特,8,3,3,0,0,8,2,0,7
6708,天擎,1,1,8,0,0,1,10,1,2
6712,長聖,10,1,10,8,10,9,10,5,1
6715,嘉基,7,4,7,6,9,7,8,5,4
6716,應廣,10,4,7,10,4,10,6,1,3
6719,力智,6,1,10,5,0,3,6,1,3
6721,信實,8,6,7,3,2,8,1,8,10
6727,亞泰金屬,5,9,7,6,4,9,5,8,8
6728,上洋,9,10,3,5,6,10,8,8,7
6732,昇佳電子,10,1,8,9,7,10,7,3,2
6733,博晟生醫,0,1,7,10,0,0,10,0,1
6735,美達科技,0,6,10,10,0,0,10,0,2
6741,91APP*-KY,10,1,10,4,10,8,10,4,1
6743,安普新,0,10,5,1,3,0,4,0,6
6747,亨泰光,10,3,8,3,10,10,10,5,2
6751,智聯服務,7,2,9,3,5,6,4,6,7
6752,叡揚,8,6,4,1,7,10,10,5,4
6753,龍德造船,1,7,2,0,7,1,3,1,5
6754,匯僑設計,7,5,7,9,5,8,5,10,9
6756,威鋒電子,10,1,10,7,5,8,9,2,2
6757,台灣虎航-創,1,5,1,7,9,1,7,1,2
6761,穩得,8,6,8,6,5,9,7,8,8
6762,達亞,9,7,1,0,9,7,9,2,1
6763,綠界科技,9,2,9,3,10,9,9,6,2
6767,台微醫,0,3,4,7,0,0,10,1,2
6768,志強-KY,6,4,4,2,2,4,3,6,9
6770,力積電,6,6,1,0,0,6,3,3,6
6776,展碁國際,6,9,8,3,2,10,1,10,10
6781,AES-KY,10,4,8,0,9,10,8,5,3
6782,視陽,1,6,3,4,7,1,8,1,2
6788,華景電,10,3,5,6,10,10,10,9,3
6789,采鈺,5,2,3,5,4,3,4,1,1
6790,永豐實,8,7,6,5,6,8,6,8,7
6791,虎門科技,1,2,7,3,8,1,8,1,3
6792,詠業,10,4,9,4,8,9,8,7,4
6796,晉弘,9,3,2,5,8,8,10,3,2
6799,來頡,10,1,10,3,10,9,9,3,2
6803,崑鼎,8,5,2,2,9,9,5,7,4
6804,明係,7,7,4,0,3,9,2,10,10
6805,富世達,1,1,6,10,8,1,5,1,1
6806,森崴能源,3,7,5,8,4,2,2,2,2
6807,峰源-KY,8,3,9,6,4,7,4,10,10
6811,宏碁資訊,9,3,8,8,5,10,3,5,6
6821,聯寶,1,2,4,2,5,1,8,1,4
6823,濾能,6,5,1,0,0,5,6,0,6
6829,千附精密,9,6,7,8,9,8,7,4,3
6830,汎銓,8,6,3,4,9,8,8,5,3
6834,天二科技,0,7,9,7,0,0,1,0,5
6835,圓裕,7,5,9,0,7,8,6,7,7
6840,東研信超,1,8,2,5,0,1,8,1,5
6841,長佳智能,1,1,10,10,0,1,10,1,1
6843,進典,1,8,3,0,9,1,8,1,5
6846,綠茵,1,2,7,8,9,1,10,1,4
6854,錼創科技-KY創,0,2,9,10,0,0,2,0,1
6855,數泓科,10,6,10,7,10,10,9,8,3
6856,鑫傳,1,1,10,4,10,1,10,1,2
6859,伯特光,1,2,6,4,9,1,7,1,2
6861,睿生光電,1,3,7,3,2,1,7,1,6
6863,永道-KY,1,1,9,7,8,1,7,1,1
6865,偉康科技,1,9,4,1,4,1,8,1,5
6869,雲豹能源-創,1,3,4,0,7,1,4,1,5
6870,騰雲,1,2,7,2,7,1,10,1,2
6873,泓德能源-創,9,3,2,0,7,10,5,6,4
6874,倍力,1,8,8,0,5,1,3,1,6
6877,鏵友益,1,4,2,0,3,1,9,1,4
6895,宏碩系統,1,2,10,0,9,1,9,1,1
6901,鑽石投資,1,1,10,0,10,1,10,1,1
6902,走著瞧-創,1,1,9,7,3,1,10,1,1
6922,宸曜,1,2,7,7,8,1,9,1,4
6933,AMAX-KY,1,10,5,0,4,1,4,1,1
7402,邑錡,8,1,9,10,4,6,8,2,3
7556,意德士,10,2,10,5,9,9,9,5,2
8011,台通,0,4,1,7,3,0,4,0,4
8016,矽創,10,2,8,8,8,10,8,7,5
8021,尖點,5,3,5,2,2,4,5,0,7
8024,佑華,0,1,8,8,0,0,8,0,5
8027,鈦昇,2,5,1,0,0,2,9,1,4
8028,昇陽半導體,5,9,1,0,5,6,6,5,4
8032,光菱,5,4,7,1,1,4,2,5,10
8033,雷虎,0,5,5,6,0,0,8,0,2
8034,榮群,7,4,9,10,7,5,9,5,3
8038,長園科,0,6,3,0,3,0,7,2,1
8039,台虹,6,8,3,8,4,6,5,4,7
8040,九暘,0,3,8,0,0,0,8,1,4
8042,金山電,1,4,3,8,2,1,4,1,7
8043,蜜望實,2,7,7,1,0,2,1,1,10
8044,網家,0,3,2,0,0,0,3,0,10
8046,南電,3,8,3,0,9,3,5,8,4
8047,星雲,0,7,10,2,0,0,6,0,9
8048,德勝,10,4,9,8,8,8,7,8,3
8049,晶采,10,1,9,0,9,9,7,10,5
8050,廣積,3,5,2,0,5,3,6,7,4
8054,安國,0,1,8,3,0,0,8,0,1
8059,凱碩,0,1,9,0,0,0,6,2,2
8064,東捷,3,4,5,0,2,4,5,6,8
8066,來思達,4,6,6,8,1,4,3,2,10
8067,志旭,0,6,5,3,0,0,9,0,4
8068,全達,0,6,7,10,0,0,2,0,4
8069,元太,10,1,5,0,10,8,10,4,2
8070,長華*,7,2,2,1,6,8,4,8,7
8071,能率網通,2,5,4,3,1,2,3,0,10
8072,陞泰,0,2,9,5,1,0,4,3,6
8074,鉅橡,4,5,5,7,3,4,4,10,7
8076,伍豐,2,3,6,0,5,1,7,4,3
8077,洛碁,0,10,1,8,4,0,5,0,5
8080,印鉐,0,5,10,0,3,0,3,4,8
8081,致新,10,2,8,4,9,9,9,8,4
8083,瑞穎,9,10,7,9,10,10,8,5,3
8084,巨虹,0,9,2,0,0,0,6,1,2
8085,福華,0,1,1,3,0,0,0,1,1
8086,宏捷科,7,6,7,10,0,4,2,0,1
8087,華鎂鑫,0,6,8,10,0,0,3,10,3
8088,品安,8,3,10,0,7,7,4,9,6
8089,康全電訊,0,4,4,9,0,0,5,0,5
8091,翔名,7,4,4,5,9,6,8,8,4
8092,建暐,0,9,4,0,1,0,4,1,5
8093,保銳,0,9,8,0,0,0,8,0,4
8096,擎亞,0,7,10,10,0,0,1,0,10
8097,常珵,0,1,9,0,0,0,4,1,4
8099,大世科,5,6,6,0,3,7,5,5,8
8101,華冠,0,10,5,0,0,0,0,0,8
8103,瀚荃,6,2,3,6,6,6,8,8,8
8104,錸寶,2,5,2,0,0,2,2,0,8
8105,凌巨,0,6,6,0,1,0,2,6,10
8107,大億金茂,1,4,1,2,0,1,2,0,6
8109,博大,10,2,6,1,10,10,9,9,3
8110,華東,2,6,3,3,0,2,0,0,9
8111,立碁,6,3,8,2,0,4,6,3,4
8112,至上,5,10,4,10,2,9,1,6,10
8114,振樺電,4,3,1,0,7,6,8,6,9
8121,越峰,0,8,1,6,0,0,1,0,6
8131,福懋科,9,2,7,2,3,8,2,6,6
8147,正淩,3,3,10,9,5,2,9,4,5
8150,南茂,7,6,1,5,5,7,3,6,7
8155,博智,9,8,10,2,4,9,4,3,5
8163,達方,5,5,4,0,3,7,4,10,10
8171,天宇,0,3,9,6,0,0,2,1,5
8176,智捷,0,6,8,6,0,0,7,0,4
8182,加高,5,4,3,6,2,4,3,2,7
8183,精星,5,10,8,5,6,6,4,10,9
8201,無敵,0,2,7,0,0,0,3,0,5
8210,勤誠,7,7,2,10,6,10,5,3,4
8213,志超,6,4,9,2,5,7,3,10,10
8215,明基材,4,10,2,5,3,6,4,6,9
8222,寶一,0,7,2,6,3,0,4,2,2
8227,巨有科技,1,3,9,5,9,1,8,1,1
8234,新漢,4,6,6,0,4,4,7,5,9
8240,華宏,4,5,5,4,2,4,3,7,10
8249,菱光,7,1,10,5,5,4,4,7,8
8255,朋程,6,4,4,7,4,6,6,5,3
8261,富鼎,6,2,10,4,6,6,6,4,4
8271,宇瞻,8,7,9,5,6,8,6,8,9
8277,商丞,0,5,4,0,0,0,3,0,4
8279,生展,8,9,5,4,8,9,8,8,5
8284,三竹,10,2,10,5,6,9,5,9,7
8289,泰藝,2,4,6,0,5,1,7,8,8
8291,尚茂,0,6,4,0,0,0,0,0,3
8299,群聯,10,5,6,9,4,9,7,2,5
8341,日友,9,8,1,0,9,10,9,4,3
8342,益張,8,5,6,8,6,9,5,7,7
8349,恒耀,4,8,2,7,3,5,4,5,9
8354,冠好,2,7,6,8,0,2,3,4,5
8358,金居,8,8,10,0,6,7,3,4,5
8367,建新國際,4,8,1,6,8,5,7,8,6
8374,羅昇,0,7,7,2,0,0,4,0,9
8383,千附,4,7,8,0,5,3,5,3,8
8390,金益鼎,6,4,8,5,5,6,3,10,7
8401,白紗科,4,6,6,8,5,3,6,9,9
8403,盛弘,6,4,3,4,2,4,4,2,8
8404,百和興業-KY,4,8,2,9,0,5,7,0,8
8409,商之器,0,4,8,2,0,0,10,0,5
8410,森田,4,4,5,5,9,3,8,8,4
8411,福貞-KY,0,9,2,9,2,0,2,3,10
8415,大國鋼,5,4,4,0,8,5,8,10,7
8416,實威,10,1,9,8,9,10,10,9,4
8420,明揚,6,5,4,0,9,7,6,0,8
8421,旭源,0,9,2,7,0,0,3,0,9
8422,可寧衛,9,9,1,0,10,10,9,7,3
8423,保綠-KY,5,8,1,7,5,4,6,6,6
8424,惠普,9,9,9,7,9,9,6,8,4
8426,紅木-KY,0,9,3,7,7,0,7,8,5
8429,金麗-KY,0,1,5,0,0,0,2,0,1
8431,匯鑽科,0,6,6,8,3,0,6,1,4
8432,東生華,8,1,10,10,7,4,10,3,3
8433,弘帆,8,3,4,6,8,8,7,10,6
8435,鉅邁,10,2,8,0,9,9,9,8,4
8436,大江,9,2,6,0,7,7,9,6,4
8437,大地-KY,7,5,9,0,10,5,10,6,4
8438,昶昕,4,5,4,0,2,3,2,4,10
8440,綠電,5,7,9,6,4,3,2,6,6
8442,威宏-KY,2,8,5,7,5,3,5,10,9
8443,阿瘦,0,7,3,0,1,0,10,0,9
8444,綠河-KY,0,10,1,7,0,0,2,0,8
8446,華研,10,1,7,4,10,10,10,9,2
8450,霹靂,0,2,2,0,0,0,3,0,4
8454,富邦媒,9,7,5,2,3,10,2,4,8
8455,大拓-KY,1,7,4,0,0,1,2,0,10
8462,柏文,1,10,1,6,3,1,5,1,4
8463,潤泰材,1,8,1,9,4,1,2,4,9
8464,億豐,10,4,6,5,10,10,10,7,3
8466,美吉吉-KY,3,7,1,6,0,3,3,0,8
8467,波力-KY,5,4,7,9,9,5,8,4,3
8472,夠麻吉,0,3,3,5,0,0,10,0,6
8473,山林水,1,6,3,3,7,1,4,0,7
8476,台境,0,7,7,5,10,0,9,10,6
8477,創業家,0,1,8,0,0,0,4,0,10
8478,東哥遊艇,4,6,2,7,10,5,9,8,2
8481,政伸,10,3,10,4,8,10,9,5,4
8482,商億-KY,10,8,9,0,8,10,8,7,6
8488,吉源-KY,0,9,8,9,1,0,1,0,10
8489,三貝德,0,2,4,4,1,0,9,0,8
8499,鼎炫-KY,10,1,9,0,9,10,9,10,4
8905,裕國,3,7,6,0,7,3,4,9,6
8906,花王,0,8,1,5,0,0,2,0,3
8908,欣雄,7,9,3,4,5,9,2,4,5
8916,光隆,6,7,6,1,6,7,4,9,9
8917,欣泰,8,4,1,3,9,8,6,4,3
8921,0,3,3,6,2,0,2,2,1,1
8923,時報,5,4,6,1,3,5,9,4,7
8924,大田,10,2,7,1,6,10,4,10,8
8926,台汽電,5,8,3,8,0,5,2,7,2
8927,北基,2,10,2,3,2,2,3,1,4
8928,鉅明,6,10,3,0,0,9,2,5,10
8929,富堡,0,1,6,7,0,0,4,0,6
8930,青鋼,4,8,2,9,9,4,7,9,5
8931,大汽電,5,8,1,0,7,6,4,7,5
8932,智通,0,6,4,7,8,0,8,1,1
8933,愛地雅,0,7,6,0,0,0,2,0,10
8935,邦泰,0,9,4,3,0,0,2,0,7
8936,國統,3,4,3,9,10,3,9,6,3
8937,合騏,0,4,3,0,0,0,3,3,2
8938,明安,7,5,4,2,6,9,4,7,10
8940,新天地,0,9,1,7,5,0,10,6,5
8941,關中,7,2,5,3,1,7,7,8,10
8942,森鉅,9,6,5,1,10,9,9,10,4
8996,高力,6,9,5,1,9,6,7,3,2
9802,鈺齊-KY,7,9,6,0,7,8,4,9,8
9902,台火,2,5,8,0,0,1,1,2,2
9904,寶成,4,5,3,0,2,4,6,9,10
9905,大華,6,3,7,5,4,5,2,7,9
9906,欣巴巴,0,10,5,0,9,0,7,10,5
9907,統一實,3,9,3,7,3,3,2,4,10
9908,大台北,8,2,3,1,9,5,6,8,2
9910,豐泰,9,9,3,3,4,10,5,4,6
9911,櫻花,10,6,7,6,8,10,8,8,5
9912,偉聯,0,7,10,0,0,0,9,0,7
9914,美利達,8,9,4,0,7,9,4,5,6
9917,中保科,9,6,2,2,8,10,8,6,3
9918,欣天然,6,6,2,4,8,6,7,5,3
9919,康那香,0,6,1,2,0,0,1,10,6
9921,巨大,7,7,4,0,5,9,5,6,9
9924,福興,9,5,6,2,7,8,5,10,8
9925,新保,9,1,7,2,7,6,8,7,5
9926,新海,8,3,2,2,9,8,7,6,3
9927,泰銘,7,3,7,8,7,5,3,10,7
9928,中視,0,10,1,0,0,0,2,0,7
9929,秋雨,0,5,1,2,0,0,2,2,4
9930,中聯資源,6,10,1,4,5,8,3,6,7
9931,欣高,5,7,2,1,8,6,4,4,3
9933,中鼎,3,4,3,5,3,4,1,6,10
9934,成霖,0,7,2,1,2,0,7,9,10
9935,慶豐富,3,10,1,1,2,5,4,3,9
9937,全國,6,10,3,1,2,9,2,4,8
9938,百和,6,8,2,8,6,8,7,4,8
9939,宏全,5,8,3,4,7,7,5,7,6
9940,信義,6,6,1,0,8,8,6,9,6
9941,裕融,3,10,9,3,9,9,10,8,4
9942,茂順,8,9,5,4,10,9,9,10,4
9943,好樂迪,8,5,3,0,10,8,10,8,2
9944,新麗,0,5,3,6,0,0,5,10,9
9945,潤泰新,7,10,2,9,8,8,6,7,3
9946,三發地產,2,9,3,0,5,2,6,1,3
9949,琉園,0,8,7,4,0,0,10,0,3
9950,萬國通,0,9,1,0,5,0,6,10,6
9951,皇田,8,4,8,4,5,8,6,9,8
9955,佳龍,0,10,2,7,0,0,1,0,5
9958,世紀鋼,2,8,1,9,6,3,3,2,2
9960,邁達康,6,2,4,0,7,6,8,10,8
9962,有益,2,9,10,0,3,2,2,10,10
